id,text,overall_anxiety,career_path_confusion,salary_gap,workplace_involution,identity_crisis,sentiment,confidence,key_phrases,explanation
1,c 李嗲Lydia- 2024年09月18日 22:03 来自 微博网页版 逃离上海后，我在四线城市玩互联网（2） 作为一个十年北漂+沪漂的互联网人，在四线城市威海搞新媒体是一种什么样的体验？ 就，因为普遍薪水都是5000块，单休，加一点提成可能能到8000，福利待遇几乎没有。 在这样一个待遇背景下，作为经手过大钱的人来说，你很难说服自己这是在“打工”。 就好像刘 展开c,0.75,0.6,0.8,0.5,0.8,negative,0.9,薪水都是5000块; 单休; 加一点提成可能能到8000; 福利待遇几乎没有; 很难说服自己这是在‘打工’,文本中表达了对薪酬待遇的强烈不满（如‘薪水都是5000块’、‘福利待遇几乎没有’），体现出明显的薪酬落差焦虑。同时，作者提到自己曾是‘经手过大钱的人’，与当前低薪环境形成鲜明对比，导致身份认同危机。此
2,c 任志达- 2024年04月19日 00:06 来自 iPhone 15 Pro Max 给粉丝一封信 2020.4月——2024.4月 时至今日玩互联网整四年了，今天给各位，特别是上班族，分享一些我做自媒体的经验。 首先我认为：玩自媒体的第一关是心态。也就是你对互联网的基本认知。 我是从2020年4月开始玩的抖音，10月份正式开始拍摄短视频。那个时候还没辞职，一边上班一边拍短视频的 展开c,0.1,0.2,0.0,0.1,0.1,neutral,0.85,玩互联网整四年了; 一边上班一边拍短视频; 分享一些我做自媒体的经验,文本内容主要描述了作者从2020年4月开始尝试自媒体的经历，提到在工作期间同时进行创作。整体情绪较为中性，没有明显表达对职业发展方向、薪酬待遇、职场竞争或身份认同的强烈焦虑。但提到‘一边上班一边拍短视
3,c 你的桃子 2024年02月06日 18:19 前年，有个同事在华为干了4年多，也不买房，也不买车，赚了100多万，30岁辞职回老家县城考公务员去了。 临别前，很担忧他的未来，问他：你这风险太大了啊，还没确定能不能考上就辞职这么高薪的工作， 他这么说的：我父母也这么说，我是这么想的，考公务员的年龄限制是35岁，我还有5年的时间，以咱们这 展开c,0.6,0.7,0.4,0.5,0.6,neutral,0.85,风险太大了啊; 还没确定能不能考上就辞职; 考公务员的年龄限制是35岁; 我还有5年的时间,文本中描述了一位同事在华为工作多年后选择辞职回老家考公务员，表现出对职业发展路径的不确定性（如‘风险太大了啊’），以及对自身未来规划的担忧。虽然提到高薪工作，但并未直接表达对薪酬的不满，因此薪酬落差焦
4,c 毛豆好运来 12月12日 16:43 来自 微博视频号 姊妹，等你出社会再久一点会发现：能不能脱下孔乙己的长衫你都得脱 我十几岁的时候就知道学历，面子什么的对我这种出身底层的普通人家来说不是最重要的，重点是我知道自己不是学习的料，我高考完第二天就考虑的是怎么赚上大学的钱，我妈明确说了不会给我提供学费，她只想我早点去打工，我只有自己挣 展开c 播放视频,0.75,0.8,0.6,0.7,0.8,negative,0.9,能不能脱下孔乙己的长衫你都得脱; 我只有自己挣,文本中表达了强烈的对职业发展路径的迷茫（如‘能不能脱下孔乙己的长衫你都得脱’），以及对自己身份和归属感的不确定（如‘我十几岁的时候就知道学历，面子什么的对我这种出身底层的普通人家来说不是最重要的’）。
5,c 小乖乖zyy 12月11日 22:04 来自 HUAWEI Pura 70 Pro #人生是特别特别漫长的长跑# 人生是一场特别漫长的长跑 如果你身处的环境你不满意 一定要尽全力走出这样的环境 如果你无力改变当下的环境 请你一定要改变自己的心态 尽量让自己好过一点 其实在职场中我真的还挺怕遇到负能量的人 我是一个很积极向上的人 但是即便是一个积极向上的人也容易被这样的人吸 展开c,0.35,0.2,0.1,0.4,0.3,neutral,0.85,人生是特别特别漫长的长跑; 如果你身处的环境你不满意 一定要尽全力走出这样的环境; 其实我在职场中我真的还挺怕遇到负能量的人; 我是一个很积极向上的人 但是即便是一个积极向上的人也容易被这样的人吸,文本表达了对职场环境的担忧，尤其是对负能量氛围的敏感和焦虑，体现出一定的职场内卷（workplace_involution）和身份认同（identity_crisis）的焦虑。但整体情绪偏向中性，作者
6,c 百里挑鱼 12月11日 13:07 来自 微博网页版 2025.12.11 鱼的分享日记：我曾经以为自己考上清华是运气，工作了才敢确认自己确实在学习能力上有“两把刷子”。分享给要高考、考研和刚刚开始工作的姐妹们 高考之前我大部分时候都只是在前二三十名徘徊，心态已经“躺平”了，最后高考的时候反而特别轻松，才考出了历史最好的成绩年级第三，就这么进 展开c,0.15,0.1,0.0,0.2,0.1,positive,0.85,我曾经以为自己考上清华是运气; 心态已经‘躺平’了; 最后高考的时候反而特别轻松,文本整体情绪为积极，分享者通过回顾自己的成长经历传递正能量。在发展路径迷茫方面，提到曾对自身能力产生怀疑，但最终取得成功，因此焦虑程度较低（0.1）。薪酬落差方面，文本未提及任何与薪资相关的表达，因此
7,c 糖先生的密室 12月06日 16:03 来自 唐果和他的朋友们超话 对待与自己观念不同的人，我们应该采取何种态度 唐果和他的朋友们超话糖先生的密室的专属圈子超话 在生活的大舞台上，我们置身于多元的世界，周围的人带着各自独特的观念粉墨登场。 这些观念，如同夜空中闪烁的繁星，有的明亮耀眼，有的柔和含蓄，共同构成了一幅绚丽多彩的人生画卷。 然 展开c,0.2,0.1,0.0,0.2,0.3,neutral,0.85,对待与自己观念不同的人，我们应该采取何种态度; 多元的世界; 观念粉墨登场; 绚丽多彩的人生画卷,文本主要探讨了在多元环境中如何与不同观念的人相处，整体语调较为中性，没有直接表达对职业发展、薪酬或职场内卷的焦虑。但提到‘观念粉墨登场’和‘绚丽多彩的人生画卷’可能暗示对身份认同的思考，因此在身份认同
8,c 满满元气一二三 12月04日 20:20 来自 OPPO Reno9 5G 下午朋友打过来的电话里，倦意隔着听筒都溢出来，语气蔫蔫的：“姐，我是真顶不住了！天天加班到后半夜，周末还得抱着电脑待命，感觉整个人都被榨干了，就想换份能准点下班、有点自己时间的工作。” 他年薪五六十万，在外人眼里是光鲜的“高薪精英”，可背后的苦只有自己扛。“结果找了快一个月，彻 展开c,0.75,0.4,0.3,0.9,0.6,negative,0.85,倦意隔着听筒都溢出来; 天天加班到后半夜; 周末还得抱着电脑待命; 感觉整个人都被榨干了; 就想换份能准点下班、有点自己时间的工作,文本中表现出强烈的职场内卷焦虑，如‘天天加班到后半夜’和‘周末还得抱着电脑待命’直接反映了工作压力大、竞争激烈。同时，‘感觉整个人都被榨干了’和‘就想换份能准点下班、有点自己时间的工作’显示出对职业发
9,c 月花花315 12月01日 18:41 来自 微博网页版 我自身有一个很大的问题，就是很容易假设问题会发生，就是我在前一个单位上班的时候，我们一个月就一天休息，还没有固定的排表，每周休息时间都不一样，本来规则就不明确 我是新人，啥也不懂，总担心老板不知道我要休，每次休息前都想跟他提前说一声。但老员工告诉我不用特意说，可我心里一点底都没有 展开c,0.5,0.3,0.1,0.6,0.7,negative,0.85,很容易假设问题会发生; 心里一点底都没有; 担心老板不知道我要休; 规则就不明确,文本中表达了对工作规则不明确的担忧，以及在职场中缺乏安全感和归属感。‘心里一点底都没有’和‘担心老板不知道我要休’体现了身份认同和职场内卷的焦虑。虽然没有直接提到职业发展或薪酬问题，但整体情绪偏向负面
10,c 龚跳跳Sylvia_创业日记 11月28日 11:08 来自 iPhone XS 记录人生中第一次踏上北欧，是9年前。人生勇气值+10，经验值+10。也许命运的齿轮加上加速条，也有它出的一份力。 时间转眼到了2016年12月，我在法国的第一个学期末，西方国家的圣诞即过年传统，让我在开学的第4个月顺利给第一个学期的6-7门课程画了一个句号，整个学期都在适应上课英语、下课法语、以 展开c,0.2,0.1,0.0,0.2,0.3,positive,0.85,人生勇气值+10; 经验值+10; 命运的齿轮加上加速条,文本整体情绪积极，记录了个人成长和突破，如‘人生勇气值+10’、‘经验值+10’等表达显示出自我肯定和成就感。但‘命运的齿轮加上加速条’可能暗示对未来的不确定感，略带焦虑；‘职场内卷’维度因未提及具体
11,c 搞钱女孩播客 11月27日 14:54 转赞人数超过40 来自 微博音频 #微博声浪计划# #听见微博# “生活是字，键盘是笔，女王是我！” 试麦时大声喊出的这句话，恰如喜剧演员李逗逗的人生写照。 七年前，她是格子间里一边翻译邮件一边流泪的“职场牛马”，七年后，她是《喜人奇妙夜》舞台上创演俱佳的“孤独女王”。从一喜被淘汰到二喜靠独角戏自成一派，从喜一“冷冰凝爱 展开c 播放视频,0.2,0.1,0.1,0.3,0.2,positive,0.85,职场牛马; 孤独女王; 创演俱佳; 从一喜被淘汰到二喜靠独角戏自成一派,文本整体呈现积极向上的基调，讲述一位职场女性通过努力实现自我突破的故事。虽然提到‘职场牛马’和‘从一喜被淘汰’等略带负面情绪的表达，但整体更强调成长与转变。因此，焦虑指数较低。发展路径迷茫和身份认同焦
12,c 彪吵吵 11月26日 21:04 来自 HUAWEI Pura 70 Pro #涨知识﻿ ﻿# 女性称呼避坑指南，一开口就赢了90%的人 “大姐”“阿姨”“老师”……你随口一句，她瞬间下头。 地铁里，一位西装男对陌生女孩说：“大姐，请问……” 女孩当场黑脸：“你才是大姐，你全家都大姐。” 别笑，这可能是很多人经历过的社死现场。 称呼，是成本最低的善良，也是最高级的体 展开c,0.2,0.1,0.1,0.2,0.3,neutral,0.85,社死现场; 一开口就赢了90%的人; 瞬间下头; 成本最低的善良,文本主要围绕职场中称呼不当可能引发的尴尬情境，强调沟通技巧的重要性。虽然提及‘社死现场’等负面情绪表达，但整体语境偏向中性，旨在提供实用建议而非直接表达焦虑。因此，四个维度的焦虑指数均较低，其中身份认
13,c 阿汝娜老师 11月17日 18:00 来自 微博网页版 怎么修“财路”？ 很多人以为按部就班：好好读书、找个安稳工作、买套房……钱就自然来了。 可现实往往啪啪打脸——这老套路，怎么就失灵了？ 今天聊聊我的理解：金钱，到底该怎么玩？ 金钱法则：探寻财富流动密码 在我看来，金钱有着它独特的流动法则。 过去，很多人认为好好读书、找个好工作， 展开c,0.3,0.4,0.2,0.3,0.2,neutral,0.85,按部就班：好好读书、找个安稳工作、买套房……钱就自然来了; 现实往往啪啪打脸——这老套路，怎么就失灵了？; 金钱，到底该怎么玩？,文本主要探讨传统职业发展路径（如读书、稳定工作）在现实中可能失效的问题，表现出对职业发展方向的不确定性（发展路径迷茫），但并未直接提及薪酬落差或身份认同问题。职场内卷虽未明确提及，但通过‘老套路失灵’
14,c 语嫣往事 11月13日 23:34 来自 微博视频号 #辛巴徒弟蛋蛋称长期遭职场暴力# 伽柏澄清自己不是蛋蛋的老板，蛋蛋直言如果你们是我经历了所有的一切，你们有可能在三年前就已经永远消失了，消失在这个互联网了！ 伽柏：今天我没有在你身边，所以我今天的助播费可能没有了，我每给蛋蛋助播，一天给我两千块钱呢，这两天都说我是蛋蛋的老板，大家千 展开c 播放视频,0.65,0.4,0.7,0.8,0.6,negative,0.85,长期遭职场暴力; 可能没有了; 消失在这个互联网了; 不是蛋蛋的老板,文本中提到‘长期遭职场暴力’和‘如果你们是我经历了所有的一切，你们有可能在三年前就已经永远消失了’，显示出强烈的职场压力和对职业安全的担忧，因此‘职场内卷’和‘薪酬落差’的焦虑指数较高。同时，‘不是蛋
15,c 小贝的挖宝手册 11月12日 19:35 来自 微博网页版 防止在工作中奴性太强的小tips： 1、工作要留痕迹 所有任务通过邮件、文档或群里确认，避免口头指令。这样出了问题有凭证，不会白背锅。 2、拒绝时不用解释太多 “不合适”“我没法接这个活”就够了，不需要写小作文。解释越多，越显得理亏。 3、按时上下班，做好本职工作，工作只是生活的一种手段， 展开c,0.3,0.2,0.1,0.4,0.3,neutral,0.85,防止在工作中奴性太强; 避免白背锅; 拒绝时不用解释太多; 工作只是生活的一种手段,文本主要关注职场中如何保护自身权益，避免被误解或过度承担责任。这反映出对职场竞争和压力的一定焦虑（如‘防止在工作中奴性太强’、‘避免白背锅’），但并未直接提及职业发展路径、薪酬落差或身份认同问题。因此
16,c 多玛尼尼 11月10日 15:27 来自 iPhone客户端 好烦好烦好烦心情差到极点！！本次体验非常不好，深刻体会到了有人在的地方就有江湖，本来我以为大家乐乐呵呵一起追就好，毕竟也没几个人了结果完全不是这样，出来玩是为了高兴的，结果还搞拉帮结派这套妈呀，简直堪比职场，是我见识太少，我果然不属于饭圈。再也不想去了，心好累。我确实 展开c,0.75,0.2,0.1,0.8,0.7,negative,0.9,好烦好烦好烦; 心情差到极点; 有人在的地方就有江湖; 拉帮结派; 心好累; 再也不想去了,文本中表达了强烈的负面情绪，尤其是对职场环境的不满和对归属感的失落。'有人在的地方就有江湖' 和 '拉帮结派' 显示了对职场内卷和人际关系复杂性的焦虑；'心好累' 和 '再也不想去了' 表明身份认同和
17,c 糖先生的密室 11月08日 17:43 来自 唐果和他的朋友们超话 什么是自杀式单身，有什么危害 唐果和他的朋友们超话糖先生的密室的专属圈子超话 “明明很想谈恋爱，却从不主动认识新朋友； 看到喜欢的人，只会默默观望，连上前搭话的勇气都没有； 手机里社交软件下载了又卸载，对话框永远停留在“你好”之后； 嘴上喊着“甜甜的恋爱什么时候轮到我” 展开c,0.3,0.2,0.1,0.3,0.4,negative,0.85,明明很想谈恋爱，却从不主动认识新朋友; 看到喜欢的人，只会默默观望，连上前搭话的勇气都没有; 手机里社交软件下载了又卸载，对话框永远停留在“你好”之后; 嘴上喊着‘甜甜的恋爱什么时候轮到我’,文本主要描述了一种在情感上的自我压抑和缺乏行动力的状态，虽然没有直接提到职场相关的内容，但通过‘不敢主动认识新朋友’、‘没有勇气搭话’等表达，可以推断出个体可能在职场中也存在类似的社交焦虑或身份认同问
18,c 广屿Ocean 11月08日 12:34 来自 读书超话 听一位互联网行业前辈讲了段人生故事 之前机缘巧合有机会和一位互联网行业的前辈进行了一次深度的聊天，对我的触动很大。本来以这位前辈的资历我是很难有机会和她单独进行沟通的（国内前4大厂的创始工号员工，某部门负责人，后来自己做了投资公司创业） 我想先分享这次机缘的由来，也许对大家也有启 展开c,0.2,0.3,0.1,0.2,0.2,neutral,0.85,对我的触动很大; 很难有机会和她单独进行沟通; 国内前4大厂的创始工号员工; 某部门负责人,文本主要描述了一次与互联网行业前辈的交流经历，内容偏向于分享和启发，没有直接表达焦虑情绪。但提到‘很难有机会和她单独进行沟通’可能暗示了对职业发展路径的不确定感（发展路径迷茫），以及对自身职场地位的思
19,c 小殷爱睡觉- 11月01日 01:34 来自 iPhone客户端 牛马篇EP08 今晚或者讲是此刻，感觉是入职以来前所未有的身心最放松的状态，即使还有篇双周报没开始写。很喜欢在一个阶段结束的时候整理相册，发发微博，当然这次也不例外。 是一段持续了很久的紧张状态且达到顶峰：每晚11甚至12点出公司，手头n个项目不同节点同时推进。即使是上周五休假在天津玩的 展开c,0.3,0.1,0.1,0.5,0.2,neutral,0.85,前所未有的身心最放松的状态; 持续了很久的紧张状态且达到顶峰; 每晚11甚至12点出公司; 手头n个项目不同节点同时推进,文本中提到‘前所未有的身心最放松的状态’，表明作者在经历长期高强度工作后感到释放，但同时也透露出‘持续了很久的紧张状态且达到顶峰’以及‘每晚11甚至12点出公司，手头n个项目不同节点同时推进’，这些表
20,c -礼卿- 10月28日 12:50 来自 一加 Ace 3 全能王牌 你好，我是礼卿，一名中高考数学老师，也是一位用数学思维做教育规划与个人成长的教练。 我的专业度受到过行业认可，我曾受大理一中青睐，与多位老师共创教学体系（有浙派名师、大学教授、机构校长、教辅编写者、其他一线教师等，具体形成见图3），形成“四步解题法” 对应试提分也有自己的体系，帮 展开c,0.1,0.1,0.1,0.1,0.1,neutral,0.9,中高考数学老师; 用数学思维做教育规划与个人成长的教练; 专业度受到过行业认可; 形成‘四步解题法’,该文本主要描述了礼卿的职业背景和专业成就，没有直接表达焦虑情绪。虽然提到其职业身份和教学体系，但未提及对发展路径、薪酬、内卷或身份认同的担忧。因此，四个维度的焦虑指数均较低，整体焦虑指数为0.1，情感
21,c 王盐Charles 10月28日 00:00 来自 微博网页版 艺术生怎么找互联网的工作？ 网友提问：我是考研二战考生，是一本类艺术生，编导专业。因为之前心态不好，两次都失败了。然后今年出来找工作，部门领导通过了，但是 HR 挂了我。 现在好沮丧，空档了一年 4 个月，就找工作这么费劲了吗？ 往届生什么时候应聘合适？现在入 MCN 机构靠谱吗？（MCN 现在 展开c,0.75,0.8,0.6,0.5,0.8,negative,0.9,艺术生怎么找互联网的工作？; 两次都失败了; 好沮丧; 空档了一年4个月; 找工作这么费劲了吗,文本中表现出强烈的焦虑情绪，主要集中在职业发展路径的迷茫（如‘艺术生怎么找互联网的工作？’、‘考研二战失败’）和身份认同危机（如‘空档一年四个月’、‘找工作这么费劲了吗’）。虽然没有直接提到薪酬问题，
22,c 广州笑爹 10月26日 18:56 来自 华为 Mate X5 典藏版 时间：19分钟前 深度思考 (DS-R1模型) 🚨 核心观点解读：企业家“豢养粉丝”的流量反噬危机 半月谈2025年10月26日刊文指出，当前部分企业将“人设营销+短视频”作为核心策略，却忽视深度内容输出，试图通过“饭圈逻辑”培养忠实信徒型消费者。这种模式本质上是异化用户关系： 风险根源：企业将消费 展开c,0.3,0.2,0.1,0.4,0.3,negative,0.85,流量反噬危机; 饭圈逻辑; 异化用户关系; 风险根源,文本主要聚焦于企业营销策略的潜在问题，提及‘流量反噬危机’和‘饭圈逻辑’等负面词汇，显示出对当前职场中过度依赖短期流量、忽视深度内容的担忧。虽然没有直接提到个人职业发展或薪酬问题，但‘异化用户关系’和
23,c 周舟洲_canoe 10月21日 20:52 你好，我是舟舟 这是我坚持日更的 348 天 昨天晚上刷视频的时候看到罗振宇晚上十点了还在直播，我就在想，人家那些成功的人之所以成功不是没有道理的。 就像牛马期待放假一样，打工人永远有假期和工作之分，且两者有深深的仇恨，所以爱说自己牛马。但替自己工作的人从来不会这么觉得，因为别人的工作 展开c,0.45,0.3,0.2,0.6,0.4,negative,0.85,牛马期待放假; 打工人永远有假期和工作之分; 深深的仇恨; 爱说自己牛马; 替自己工作的人从来不会这么觉得,文本中表达了对职场现状的不满，尤其是对‘打工人’身份的认同感较低，体现出一定的身份认同焦虑。同时提到‘牛马’与‘放假’的对比，暗示了工作压力大、竞争激烈，表现出职场内卷的焦虑。虽然提及罗振宇的例子，但
24,c 在画廊喝汽水的红豆 10月17日 11:44 来自 iPhone 15 Plus 接着裁员继续说。 对象被裁员以后面临的市场大环境非常不好。可以说非常多的花旗优秀人才在一起竞争，985/211/海外留学/年轻 这几个外界因素在一起时，优胜劣汰就已经注定了。 你有什么，你没有什么。一目了然，大家像韭菜一样任人宰割，不要再想着走互联网了，就连996/007面试的机会都没有，在这样 展开c,0.85,0.7,0.6,0.9,0.8,negative,0.92,市场大环境非常不好; 优胜劣汰就已经注定了; 像韭菜一样任人宰割; 996/007面试的机会都没有,文本中表现出强烈的职场焦虑情绪。'市场大环境非常不好'和'优胜劣汰就已经注定了'反映了对职业发展路径的迷茫（career_path_confusion）；'像韭菜一样任人宰割'和'996/007面试的
25,c 姜旭2025 10月16日 21:09 来自 微博声浪计划超话 #微博声浪计划# #听见微博# 【时间轴】 [00:00 - 05:00] 开场与茉莉自我介绍 我是茉莉，86年，前百度、阿里公关，21年离职带娃去英国读研 现在做自媒体“茉莉清醒记”，分享中年躺平与求职经历 第一次录播客，聊聊职场与生活中的真实选择 [05:00 - 15:00] 职场中的“40岁女性去哪儿了”？ 除了女领导， ...,0.3,0.4,0.2,0.3,0.3,neutral,0.85,职场中的‘40岁女性去哪儿了’？; 中年躺平与求职经历,文本内容主要围绕一位中年女性的职场经历展开，提及她从大公司离职、带娃、留学、做自媒体等经历。虽然没有直接表达强烈的焦虑情绪，但提到‘40岁女性去哪儿了’这一话题，暗示对职业发展路径的思考和不确定性，体
26,c 买酱安利日记 10月11日 13:05 来自 微博网页版 女生从头美到脚的100种方法 身材体态 1.瘦腿--网上有很多跟练视频可以一起做哦。 2.改善驼背--把你的乃头当作枪正在扫射前面的敌人，你只要一弯腰就打到脚了。(在另一个博主那看到的，别说!还挺有用)。 3.改善脖子前倾--每天靠墙站15分钟。后脑勺粘墙，收下巴，肩胛骨贴墙，两肩同高，墙壁和腰隔半个 展开c,0.0,0.0,0.0,0.0,0.0,neutral,0.95,女生从头美到脚的100种方法; 改善驼背; 每天靠墙站15分钟,该文本主要是一篇关于个人形象管理的分享，内容聚焦于外在形象提升的方法，如瘦腿、改善体态等。文中没有提及与职业发展、薪酬待遇、职场竞争或身份认同相关的具体焦虑点。因此，四个维度的焦虑指数均为0。整体情感
27,c 苦苦的甜甜圈org 10月10日 20:29 来自 微博兴趣创作计划超话 建议找工作千万别有不配得感，想起我第一次找工作时的“怂样”，现在都想拍自己两下😫！看到心仪公司的岗位，明明 JD 里 80%的要求我都符合，却盯着那“3年相关经验”的条款反复纠结：“我才刚毕业，肯定选不上”；收到面试邀请，又紧张得整夜睡不着，总觉得“他们是不是发错了，我根本不配”。结果 展开c,0.65,0.4,0.2,0.7,0.8,negative,0.85,苦苦的甜甜圈; 怂样; 不配得感; 3年相关经验; 整夜睡不着; 我根本不配,文本中表现出强烈的自我怀疑和身份认同焦虑，如‘我根本不配’、‘3年相关经验’等短语显示了对自身能力的不自信。同时，‘整夜睡不着’表明工作压力大，存在职场内卷的焦虑。虽然没有直接提到薪酬问题，但整体情绪
28,c 心理数学 10月09日 14:36 来自 微博网页版 另外一些工作感想。很多人还是有那种奴隶心态，觉得公司给我这么优厚的福利，我就应该卖命，实际上那是你应得的呀，领导也这么觉得，觉得有这么好的福利在，你肯定不敢离职的，于是就在别的地方处处恶心你，在细枝末节处大发官威，称我是团队的leader我要对团队所有的内容负责，实际上根本不清楚目前的 展开c,0.75,0.4,0.3,0.8,0.7,negative,0.85,奴隶心态; 不敢离职; 处处恶心你; 细枝末节处大发官威; 对团队所有的内容负责,文本中表达了强烈的职场不满情绪，尤其是对领导的控制和压迫感到焦虑。'奴隶心态'和'不敢离职'反映出身份认同危机和对工作环境的不信任；'处处恶心你'和'细枝末节处大发官威'表明了职场内卷和高压竞争的氛围
29,c 粥悦悦 10月02日 16:10 转赞人数超过90 来自 微博网页版 昨天和本地十年的云蜜去看三文鱼、徒步、拍照。 最大的收获不是风景，而是听她讲述，从“哑巴英语”到能流利沟通，用英语横扫职场的经历。 她说，她懂那种开不了口的自卑，懂那种怂得画地为牢的窘迫，也懂那种硬着头皮、死皮赖脸开口后带来的意外惊喜。 我也特别渴望，有一天能用英语跟老外侃大山， 展开c,0.2,0.3,0.1,0.2,0.2,positive,0.85,哑巴英语; 开不了口的自卑; 硬着头皮、死皮赖脸开口; 渴望用英语跟老外侃大山,文本主要描述了一个人通过努力提升英语能力并获得职场成功的故事，整体情绪积极向上。虽然提到‘哑巴英语’和‘开不了口的自卑’等表达，但这些更多是作为过去经历的反思，并非当前焦虑的表现。因此，发展路径迷茫（
30,c 芭比啦biu啵丢喽喽 10月01日 23:12 践行“理想主义”是需要切实付出代价的——不是因为你信奉一种好的东西 你就是对的 这个世界就应该为你让路 这是一种不负责任的巨婴心态 互联网上职场博主赛道“我是一个理想主义者我错了吗”的内容多如牛毛 我想说：是的，错了。如果你有这个心 那说明你要做的事就是比其他人要多一个流程环节 所以你 展开c,0.65,0.7,0.3,0.6,0.6,negative,0.85,践行‘理想主义’是需要切实付出代价的; 不是因为你信奉一种好的东西你就是对的; 这是一种不负责任的巨婴心态; 互联网上职场博主赛道‘我是一个理想主义者我错了吗’的内容多如牛毛; 是的，错了,文本表达了对理想主义在职场中不被认可的失望和焦虑，暗示了职业发展中的迷茫（如‘要做的事比其他人多一个流程环节’），以及对自身角色和身份的不确定（如‘你就是对的’与‘巨婴心态’的对比）。虽然没有直接提到
31,c 绫濑不遥_ 09月26日 15:00 转赞人数超过30 来自 iPhone 16 早晨听一个大哥讲职场经历，让我想到，很多人没理解到，践行“英雄主义”或者说“理想主义”是需要切实付出代价/努力的——不是因为你信奉一种好的东西，你就是对的，这个世界就应该为你让路，这是一种不负责任的巨婴心态。（实际上，占领道德高地+受害者自塑是一种上一代很喜欢用的黑魔法，相当于把一 展开c,0.6,0.4,0.3,0.7,0.5,negative,0.85,践行‘英雄主义’或者说‘理想主义’是需要切实付出代价/努力的; 不是因为你信奉一种好的东西，你就是对的; 占领道德高地+受害者自塑是一种上一代很喜欢用的黑魔法,文本中提到职场中的理想主义需要付出代价，暗示了现实与理想的落差，体现出对职业发展路径的一定迷茫（0.4）。虽然没有直接提及薪酬问题，但隐含了对现实的不满（0.3）。文中提到“黑魔法”和“巨婴心态”，反
32,c 南方嘎啊 09月23日 23:22 来自 HUAWEI Mate 60 Pro 2025-09-23[连续第3548天] 《用户价值》 在一款产品中，用户需要四大价值，这让我想到了我从零开始接触营销一直走到现在的过程。起初只是通过看书或者视频来了解什么是营销，这个就是认知价值，知道有这回事，也感觉自己听懂的。 后来来公司上班，从助理做起，开始有系统有体系的了解什么是营销，同 展开c,0.2,0.3,0.1,0.2,0.2,neutral,0.85,从零开始接触营销; 系统有体系的了解什么是营销; 感觉自己听懂的,文本主要描述了用户从零开始学习营销的过程，提到通过看书、视频和工作实践逐步理解营销。整体情绪较为中性，没有明显表达对职业发展、薪酬、内卷或身份认同的强烈焦虑。但提到‘从零开始’和‘系统有体系’可能暗示
33,c 外贸女浪子 09月19日 17:17 来自 OPPO A55s 5G 中年失业，一个人又做起了月入三万的工作 没想到，失业后的收入是打工的好几倍。做点铺这几年，我的收入从几千到如今的大几万，虽然不是什么值得炫耀的事情但对我而言却是可以让我提前躺平的最佳路径。 我是从20年开始接触外贸行业的，当时从南方辞职回来准备和朋友做点小生意可是屡屡碰壁，偶然一次 展开c,0.2,0.1,0.3,0.1,0.2,positive,0.85,中年失业; 收入是打工的好几倍; 提前躺平,文本整体情绪偏向积极，作者分享了自己从失业到收入提升的经历，表现出对现状的满意。然而，提到‘中年失业’和‘收入是打工的好几倍’暗示了对职业路径的不确定性（发展路径迷茫）以及对薪酬落差的潜在关注（薪酬落
34,c 王盐Charles 09月15日 22:30 来自 微博网页版 提问：王盐老师好，有个工作上的问题想请教您一下：我是应届生，在互联网实习。 前几天领导问我的找工作情况，说我在实习生中还可以，她也是面试官，让我去官网投下简历。但是第二天我在工作上不细心有问题，领导说了比较重的话，状态在她那不过关，当天我又解决了一个小问题，可能印象会好转一点。 展开c,0.45,0.3,0.1,0.6,0.5,negative,0.85,领导说了比较重的话; 状态在她那不过关; 可能印象会好转一点,文本中表现出明显的职场焦虑，尤其是在工作表现和身份认同方面。该应届生对自身表现的不确定性（如‘状态在她那不过关’）以及对领导评价的敏感性（如‘领导说了比较重的话’）显示出较高的职场内卷和身份认同焦虑。
35,c 影视禾木兄 09月14日 09:17 来自 职场超话 #禾木觉悟##禾你发声# 于东来说得对，中国的企业离成熟都很远，不要整天都在奋斗，生命质量很低，深有同感。 今天是周末，我也在休息，但其实还夹带一些工作，因为客户也在等、在急，你不得不启动本来打算休息的大脑。 想起社会高增长的那段时期，因为机会多，老板不怕你犯错，敢让你试、放手让你干 展开c,0.5,0.3,0.2,0.7,0.4,negative,0.85,中国的企业离成熟都很远; 生命质量很低; 夹带一些工作; 不得不启动本来打算休息的大脑; 老板不怕你犯错,文本中表达了对职场环境的不满和压力，尤其是提到‘中国的企业离成熟都很远’和‘生命质量很低’，显示出对职业发展和工作生活平衡的焦虑。同时，‘夹带一些工作’和‘不得不启动本来打算休息的大脑’表明了工作压力
36,c Mwgdwb 09月09日 08:04 来自 微博视频号 华人高管还是应该遵守忠诚边界，义子当先，给国人争气 LMwgdwb的微博视频 播放视频,0.1,0.1,0.1,0.2,0.1,neutral,0.75,华人高管还是应该遵守忠诚边界; 义子当先，给国人争气,文本内容主要表达对华人高管应遵守忠诚边界、维护国家形象的呼吁，整体情绪偏向中性。虽然提及‘义子当先’可能暗示某种责任或压力，但并未直接体现职业发展迷茫、薪酬落差、职场内卷或身份认同的焦虑。因此，四个维
37,c Sophia婧a 09月06日 16:15 来自 微博视频号 #全民精神文明时代# ， 我人生的道路非常的简单，实际上就是渐渐长大，学习，工作，每天2.1线，但我又天生自由，又有点小反骨，不太喜欢职场的环境，于是乎，我在互联网各大平台有自己的账号，成为了一名自由职业者。然而，在这样的过程当中，2023年11月7号，我忽然想出来看看这个世界，于是带着包走 展开c 播放视频,0.3,0.4,0.2,0.1,0.3,neutral,0.85,人生的道路非常的简单; 不太喜欢职场的环境; 成为了一名自由职业者; 忽然想出来看看这个世界,文本中提到‘人生的道路非常的简单’，表现出对传统职业路径的反思；‘不太喜欢职场的环境’暗示了对职场氛围的不适，但并未明确表达强烈的焦虑。‘成为了一名自由职业者’表明尝试寻找新的身份认同，但未提及具体焦
38,c 囤货手册 09月05日 07:06 来自 微博网页版 38条对女生有利的想法 1、凡事两句话 关你屁事，关我屁事。这两句话能为你减少人生80%的烦恼。 2、不要害怕花钱 钱不是省出来的，该花的时候还是要花。花不等于有罪，很多时候买好点，可以用更久，比起便宜的，其实更划算。 3、不做他人的情绪垃圾桶 我的老师曾说过:“情绪价值是可以当现金用的!” 展开c,0.15,0.1,0.2,0.1,0.1,neutral,0.85,凡事两句话 关你屁事，关我屁事; 不要害怕花钱; 情绪价值是可以当现金用的,该文本主要提供了一些生活和职场建议，旨在帮助读者减少烦恼、提升自我价值感。虽然其中提到‘情绪价值’等概念，但并未直接表达对职业发展、薪酬、内卷或身份认同的强烈焦虑。整体语气较为中性，偏向积极引导，因此
39,c 小圆吃瓜 08月31日 14:31 感觉我已经学会了自洽，互联网给我带来的全都是答题技巧 领导说他很年轻的时候就出来养家了，又有胆识又能吃苦，和我们这代懒人不一样，我倾听许久，给了他一个reaction：“主要是你的原生家庭太差。” 他的沉默，我一直回味到了周日。这一周，我把自己的乳腺养得很好。 昨天逛商场，有个销 展开c,0.45,0.3,0.2,0.5,0.6,negative,0.85,感觉我已经学会了自洽; 互联网给我带来的全都是答题技巧; 他的沉默，我一直回味到了周日; 我把自己的乳腺养得很好,文本中透露出一种对职场环境的无奈与自我调节的情绪。‘感觉我已经学会了自洽’和‘互联网给我带来的全都是答题技巧’暗示了对职业发展路径的迷茫（career_path_confusion）。‘他的沉默，我一
40,c 梦缘亭思 08月21日 06:32 来自 微博视频号 （社会）实力带来底气 文/蓝天（梦缘亭思） 大家好，我是笔者蓝天。今天我想和大家深入探讨一个话题，那就是“实力带来底气”。在我们生活的这个世界里，实力就像是一把万能钥匙，它能为我们打开一扇扇通往成功与自信的大门。 先让我们来看看什么是实力。实力不仅仅 展开c 播放视频,0.0,0.0,0.0,0.0,0.0,neutral,0.95,实力带来底气; 实力就像是一把万能钥匙,文本内容主要围绕‘实力带来底气’这一主题展开，强调实力对成功与自信的重要性，整体语气积极且具有启发性。文中未提及任何具体的焦虑情绪，如职业发展方向不明确、薪酬落差、职场内卷或身份认同问题。因此，四个维
41,c Miss汉谟拉比 08月19日 12:13 转赞人数超过100 来自 Xiaomi 13 Ultra 你拥有的东西， 最终会左右你。 所以要精心选择。 ——《宝贵的人生建议》 我觉得这句话是很有道理的，比如我经常说，不要以为啊是你在写作，你的文字也在塑造着你。比如你只会发别人的东西，你只会写情绪的东西，你的思维就会停留在容易的流量还有情绪里，长此以往，大脑会习惯“即时满足”与情绪宣 展开c,0.3,0.2,0.1,0.4,0.3,neutral,0.85,不要以为啊是你在写作，你的文字也在塑造着你; 你的思维就会停留在容易的流量还有情绪里; 长此以往，大脑会习惯“即时满足”与情绪宣,文本主要围绕个人成长和思维模式展开，提到‘你的文字也在塑造你’和‘思维停留在流量和情绪里’，暗示对自身发展路径的反思，体现出一定的职场内卷焦虑（如工作压力大、竞争激烈）和身份认同焦虑（对自己角色的不确
42,c 糖先生的密室 08月16日 18:34 来自 唐果和他的朋友们超话 不敢开口去争取自己的重大利益，根本原因在哪里 糖先生的密室的专属圈子超话唐果和他的朋友们超话 先讲个故事。 去年7月，朋友小李工作的互联网大厂做年度调薪。 小李因为去年连续拿下三个核心项目，绩效是A+，但公司邮件里只给他涨了8%。 同部门的小张绩效是B，却因为会哭的孩子有奶吃 展开c,0.75,0.6,0.9,0.7,0.8,negative,0.85,不敢开口去争取自己的重大利益; 会哭的孩子有奶吃; 绩效是A+; 涨了8%; 根本原因在哪里,文本中通过小李的案例表达了对薪酬落差（仅涨8%）和职场内卷（小张因会哭而获得更高待遇）的强烈不满，体现出明显的焦虑情绪。同时，提到‘不敢开口’和‘根本原因在哪里’反映出对职业发展路径的迷茫和身份认同的
43,c 扑向大海的小黑猫 08月15日 23:31 来自 Skp饲养员iPhone客户端 入职两个月，我觉得自己像是被丢进了一个全新的世界。 第一次进这么正规的公司，福利待遇都不错，流程清晰。第一次碰到这么正常的同事和领导。第一次发现，原来身边的人可以优秀到这种程度。 破冰活动聊到 fun fact check，同事们一个比一个精彩： 有人集齐了国内Top5互联网公司的 offer，有人从大厂 展开c,0.3,0.2,0.1,0.4,0.3,neutral,0.85,第一次进这么正规的公司; 第一次碰到这么正常的同事和领导; 原来身边的人可以优秀到这种程度,文本中表达了对新环境的适应和观察，提到‘第一次’的经历，显示出一定的不熟悉感。虽然没有直接表达焦虑情绪，但提到‘身边的人可以优秀到这种程度’暗示了潜在的职场内卷压力和身份认同的不确定性。整体情感倾向为
44,c 汤六爷 08月12日 13:31 来自 微博视频号 上班是让他玩明白了，真的笑惨了！ #不上班后才看清的真实现状# L汤六爷的微博视频 播放视频,0.1,0.1,0.1,0.2,0.1,neutral,0.75,上班是让他玩明白了; 笑惨了,文本内容主要表达了一种轻松调侃的语气，提到‘上班是让他玩明白了’和‘笑惨了’，显示出一种对职场现象的幽默观察，而非直接表达焦虑情绪。因此整体焦虑指数较低。四个维度中，职场内卷（如工作压力大、竞争激烈）
45,c 博学视界 08月11日 22:31 来自 微博视频号 #刘晓光Savvy直播# @刘晓光Savvy 分析试用期成败原因，强调自信与客观心态，指出职场成长关键在于开放思维和有效指导。 L博学视界的微博视频 播放视频,0.0,0.0,0.0,0.0,0.0,neutral,0.95,试用期成败原因; 自信与客观心态; 职场成长关键在于开放思维和有效指导,该文本主要聚焦于职场成长的建议，强调自信、开放思维和有效指导的重要性，未提及任何具体的焦虑情绪或负面体验。因此，在四个维度上均未发现明确的焦虑表达，整体焦虑指数为0。情感倾向为中性，内容偏向教育性和指
46,c 姬永锋 08月11日 10:15 在环京楼市里赔掉十年的年轻人（下） 摘自每人作者 每日人物 困在环京楼市里 我2009年毕业，留在北京工作，因为在老家县城很少能找到合适的岗位，我是北方人，也没想过去其他城市，能留在北京安家最好了。 天津其实并不是我最早买下的环京房，2013年，我在大厂回族自治县买了一套，房价和税加在一 展开c,0.3,0.2,0.1,0.4,0.3,negative,0.75,赔掉十年; 困在环京楼市里; 没有想过去其他城市,文本主要描述了一个人在环京楼市中因购房投资失败而产生的经济和心理压力，反映出对职业发展路径的迷茫（如‘留在北京安家最好’），以及对自身身份归属的不确定（如‘没想过去其他城市’）。虽然未直接提到薪酬或职
47,c 王盐Charles 08月02日 18:30 来自 微博网页版 没经验怎么做部门负责人？ 网友提问：我原本是在互联网行业的市场营销岗，对于纯线上的营销推广较熟悉，现在跳槽到餐饮行业的市场营销岗，比起以前，需要结合门店来运作一些营销活动了，面对的用户群体也完全不一样。 并且我是作为部门负责人负责这项业务， 现在的心态十分得害怕和不稳定，因为自己 展开c,0.75,0.8,0.2,0.6,0.9,negative,0.85,没经验怎么做部门负责人？; 心态十分得害怕和不稳定; 面对的用户群体也完全不一样; 作为部门负责人负责这项业务,文本中明确表达了对新岗位职责不熟悉、缺乏信心，以及角色转变带来的不安，体现出强烈的身份认同焦虑（0.9）和职业发展迷茫（0.8）。虽然提到工作压力大，但未直接提及薪酬问题，因此薪酬落差较低（0.2）。
48,c 尺寸草莓味大号超薄 07月30日 20:14 转赞人数超过100 来自 iPhone 16 Pro Max 我现在已经不太喜欢去处理那些疯狂谩骂我的人了，我刚做博主的那会处理过，造黄谣的，爆我地址的，男生女生都有，结果皮下就是未成年，还在上学呢，还是留守儿童，家里老人带的那种，你说我处理吧没有那个必要，不处理吧又叽叽喳喳的，都一帮小屁孩，我搞那么认真显得我很小气。 如果是成年人工作者闲 展开c,0.3,0.2,0.1,0.4,0.3,negative,0.85,不太喜欢去处理那些疯狂谩骂我的人; 造黄谣的，爆我地址的; 都一帮小屁孩; 搞那么认真显得我很小气,文本中主要表达了对职场中恶意行为（如谩骂、造黄谣、泄露个人信息）的无奈和不满，体现出一定的职场内卷（workplace_involution）和身份认同（identity_crisis）焦虑。作者提到
49,c 辉煌_爱 07月28日 08:54 来自 微博网页版 2025年运动打卡第117天。中年最重要的是认知和心态的提升，加强学习，加强历练，极致自我。保持好心态，接受并创造价值。 今日听书摘记： 是不是系关注了过多的繁杂的信息？是不是从信息当中没有甄选，然后是不是不懂得跟陌生人连接，而是整天混在熟人圈子里头啊？所以在我看来，您这本书最重要的使命 展开c,0.15,0.2,0.1,0.1,0.2,neutral,0.85,对职业发展方向不明确; 加强学习，加强历练; 不懂得跟陌生人连接,文本整体呈现一种自我反思和提升的中性语气。虽然提到‘认知和心态的提升’以及‘加强学习’，但并未直接表达对职业发展路径、薪酬待遇或职场竞争的强烈焦虑。然而，提及‘是不是系关注了过多的繁杂的信息？是不是从
50,c SodaBella 07月27日 17:42 来自 微博音频 #用音频给生活转个场# #晚安音频电台# 本期编辑：@SodaBella @朝与黎 本期主播：@刘不绝 @SodaBella 本期脑图： 本期概述： 本期我们反思“过来人”身份，强调不应指责他人，而应以平等和理解的态度面对问题。讨论覆盖了教育、家庭、个人成长，提醒提出建议时需考虑社会多元性和个体差异。此外，探讨了 展开c 播放视频,0.1,0.1,0.1,0.1,0.1,neutral,0.85,反思‘过来人’身份; 不应指责他人; 平等和理解的态度; 社会多元性; 个体差异,该文本主要围绕职场中对‘过来人’身份的反思，强调以平等和理解的态度面对问题，讨论涉及教育、家庭和个人成长。文本没有直接提及职业发展方向不明确、薪酬落差、工作压力或身份认同问题，因此四个维度的焦虑指数均
51,c 方糖的津味儿生活 07月23日 19:38 来自 HUAWEI Mate 40 Pro 🎊新老朋友，你们好 我是方糖，一名7年外企职场人，也是一个3岁男宝的妈妈。 👂🏻我的经历： 1️⃣曾经的小镇做题家，高考失利，后从普通二本逆袭考入双一流985高校研究生，期间发表学术论文6篇，2篇SCI，一篇TOP，并获得大连市优秀毕业生的荣誉。 2️⃣我是一名农村孩子，从小被穷人的劣根 展开c,0.3,0.2,0.1,0.4,0.3,neutral,0.85,小镇做题家; 高考失利; 农村孩子; 穷人的劣根,文本主要描述了方糖的个人经历，包括从普通二本到双一流高校的逆袭、学术成就以及作为农村孩子的背景。这些内容显示出她对自身成长路径的回顾和反思，但并未明确表达出对职业发展方向、薪酬待遇或职场竞争的强烈焦虑
52,c 奇闻趣事大喇叭 07月10日 12:23 来自 微博视频号 王继业脱口秀演绎“打工皇帝”传奇，单口喜剧引爆现场 #蔡康永# #喜剧之王单口季# L奇闻趣事大喇叭的微博视频 播放视频,0.0,0.0,0.0,0.0,0.0,neutral,0.95,打工皇帝; 单口喜剧引爆现场,该文本主要描述了一则关于王继业在脱口秀中演绎‘打工皇帝’的新闻，内容偏向娱乐和轻松，没有直接提及与职场焦虑相关的具体问题，如职业发展方向、薪酬落差、内卷或身份认同等。因此，四个维度的焦虑指数均为0，整
53,c 陈_陈_96 07月05日 02:17 来自 iPhone客户端 EP1： 今天听了一期杨天真的播客，最近的心态和情绪起伏好似得到了一些莫名的慰藉和救赎，虽然自己也没有完全理明白，但好像在荒草横纵的迷林中找到了一道小小出口，攥住了一丝厘清现状的希望。 文字和阅读给人带来的影响力和改变力确实比人想象中的要大，速食主义的时代超过三行的文字 展开c,0.3,0.4,0.1,0.2,0.3,positive,0.85,荒草横纵的迷林中找到了一道小小出口; 攥住了一丝厘清现状的希望,文本中提到‘荒草横纵的迷林’和‘找到小小出口’，暗示了对职业发展方向的迷茫（career_path_confusion），但同时也表达了通过阅读获得慰藉和希望，因此整体情绪偏向积极。薪酬落差、职场内卷
54,c 谭恋爱同学 07月04日 21:06 转赞人数超过30 来自 iPhone 16 我和我的心理咨询师讨论了即将可能要结束的互联网大厂的工作，还有我自己的事业。 记录和心理咨询师的对话，能够让我觉察自己的内在。 咨询师：小谭，你在描述的是，你即将开启一些你觉得还是有很有希望的工作的一种模式。但是因为失去了一个稳定的支撑，就像你说的，有一份工资，有一个很能够支撑你 展开c,0.6,0.7,0.4,0.5,0.6,negative,0.85,即将可能要结束的互联网大厂的工作; 失去了一个稳定的支撑; 有一份工资，有一个很能够支撑你,文本中提到‘即将可能要结束的互联网大厂的工作’和‘失去了一个稳定的支撑’，表明对职业发展方向存在明显的不确定性，因此‘发展路径迷茫’得分较高。虽然没有直接提到薪酬问题，但‘有一份工资’暗示了对当前收入
55,c 复旦大学 06月29日 13:50 来自 复旦大学超话 #旦·生活##宝藏大学安利计划#复旦大学超话 从文史哲课堂走向互联网职场，复旦毕业生们用经历证明：专业从来不是职业发展的枷锁！ 一起来听听三位学长的经验之谈吧🙌 视频｜李玲 L复旦大学的微博视频 播放视频,0.1,0.1,0.1,0.1,0.1,positive,0.95,专业从来不是职业发展的枷锁; 用经历证明,该文本整体呈现积极向上的态度，强调复旦毕业生通过自身努力突破专业限制，在职场中取得成功。文中没有直接提及焦虑相关的内容，如对职业方向的迷茫、薪酬不满、工作压力或身份认同问题。因此，四个维度的焦虑指数均
56,c 油菜幸福版 06月28日 20:59 来自 iPhone 16 Pro 为什么看着路过的酒管就突然进来点上了一杯呢 我在想原因 不是因为悲伤也不是开心 心情沉沉的也但没有平常面对酒的害怕和抵触 大概是我也在感叹我的成长吧 开心我在这种没背景没钱没人脉没学习的乡村长大，没有被长歪，没有被带坏，还长到了现在清醒又努力的样子三观也在成长蜕变 真的很为我开心 惊 展开c,0.2,0.1,0.0,0.1,0.3,positive,0.85,没有被长歪，没有被带坏; 清醒又努力的样子; 三观也在成长蜕变,文本整体情绪是积极的，表达了自我肯定和成长的喜悦。虽然提到‘心情沉沉的’和‘感叹我的成长’，但并未表现出对职业发展、薪酬或职场竞争的直接焦虑。然而，‘身份认同’方面有轻微焦虑，如‘我是否在正确的位置上
57,c 赵刚Andrew 06月23日 15:17 来自 微博网页版 #留学申请季##留学帮帮忙##高考加油##全民高考应援##出国留学# 留学最好的时候已经过去了？ 国际教育知名媒体人 赵刚 2016年、2017年我先后撰写出版了《到英国去》《留学的逻辑》两本书，在国内留学圈产生了一些反响，这些书曾作为一些留学中介、国际教育机构的培训资料。当时我还在担任英国大学 展开c,0.2,0.1,0.1,0.3,0.2,neutral,0.75,留学最好的时候已经过去了？; 国际教育知名媒体人,文本内容主要围绕留学趋势的讨论，提及作者曾撰写相关书籍并被用作培训资料，但并未直接表达个人焦虑情绪。因此，整体焦虑指数较低。在四个维度中，职场内卷（0.3）稍高，可能源于对行业竞争或变化的隐含担忧；其
58,c 有钱幸福漂亮蛙 06月10日 23:16 来自 iPhone客户端 前天刷到一个职场宝妈分享日常妆容穿搭的视频，弹幕上就有说“这是夜场妈咪吧”“以为在商k上班”，她只是化了妆，穿着并没有暴露，行为语言没有擦边，就会被这么说。 昨晚看关注的一个博主直播，弹幕里一直有一个黑子，骂他装货啥啥的，在他提及近期的状态，说到他妈妈前阵子去世这个事情时，弹幕里的 展开c,0.4,0.2,0.1,0.5,0.6,negative,0.85,被说‘夜场妈咪’; 黑子骂他装货; 提到妈妈去世,文本中主要反映了职场身份认同的焦虑（如被误解为‘夜场妈咪’，以及被黑子攻击），因此在‘身份认同’维度得分较高。同时，职场内卷（如被攻击、负面评论）也表现出一定焦虑。而职业发展路径和薪酬落差在文本中没有
59,c 皮皮推 06月10日 22:55 转赞人数超过100 #余承东晒AI视频庆祝入职华为32周年#工作这么多年，我待过最长时间的，就是上一家单位，我是从2017年入职的，2023年正式离职，在那里待了整整6年时间，除了老板待了10年以上，其它人最多就比我多1-2年。 能在一家公司待5-6年，其实是迫不得已，毕竟那时候已经30岁左右了，上有老下有小，还有房贷要还 展开c,0.5,0.4,0.3,0.6,0.5,negative,0.85,能在一家公司待5-6年，其实是迫不得已; 上有老下有小，还有房贷要还,文本中表达了对职业发展路径的一定迷茫（如提到在一家公司待了6年，但未明确表达是否满意或有晋升），薪酬落差方面提及了生活压力（如房贷、家庭负担），但没有直接提到薪资对比；职场内卷体现在长期工作的无奈感和
60,c 思维螺旋 06月10日 20:27 转赞人数超过200 有两个思维是不对的：第一个是成功的时候就“成功都是因为我牛逼”，第二个领罚的时候就说“为什么单罚我，别人也很差”。 我先说第一点。有的网友说，网红吃青春饭，成功了靠自己青春美貌。 这没有错。但是除了她自己青春美貌，她也靠移动互联网。 这个基础设施，是国家打下的，不是任何互联网公司 展开c,0.2,0.1,0.1,0.3,0.2,neutral,0.85,成功都是因为我牛逼; 为什么单罚我，别人也很差; 国家打下的; 基础设施,文本主要讨论了对成功和失败归因的两种错误思维，并提到成功背后有外部因素（如国家基础设施）。虽然没有直接表达焦虑情绪，但通过分析职场中常见的归因偏差，暗示了对自身能力与外部环境关系的思考。因此，在‘职场
61,c 三十出头张小莫 06月09日 01:25 来自 iPhone客户端 【颜值】确实是阶级攀升的【隐形门槛】 周末健身的时候正好听到计算机科学家，前腾讯总裁吴军博士的分享，他讲到说如果你作为一个非常上进，要去读NBA进修的“精英”要注意的要点 其中说到MBA面试时，表面不承认但私底下又心照不宣的标准，让我有点意外 1，为什么MBA面试一定要打扮的漂亮帅气 他说 展开c,0.4,0.3,0.2,0.5,0.4,negative,0.85,颜值确实是阶级攀升的隐形门槛; MBA面试时，表面不承认但私底下又心照不宣的标准; 让我有点意外,文本中提到‘颜值是阶级攀升的隐形门槛’和‘MBA面试有心照不宣的标准’，反映出对职场竞争和外在条件（如外貌）影响职业发展的担忧，这体现了职场内卷（0.5）和身份认同焦虑（0.4）。虽然没有直接提到职业
62,c 张匀飞_Fay 06月04日 15:27 来自 nova12系列出色蓝不住 🪪ESTJ，一个拒绝消费主义、追求自我实现、事业心很重、上进心很强的女的，信奉99%的问题归根结底是经济问题，211本硕。 Hi 朋友们，我是张匀飞，感谢互联网让我们相遇。 在这个帖子里我简单介绍一下自己。 正如开头所说，我是一个学不会松弛的人。我渴望成就，包括健康、心态、事业、财富等不同 展开c 张匀飞_Fay 的微...,0.6,0.5,0.3,0.7,0.6,negative,0.85,焦虑的本质是透支过去的影响力+预支未来的恐惧+忽略当下的力量; 纠结于过去某件事对自身的影响; 通过对未来各种风险、困难的想象吓唬自己; 把重点放在了决定不了的事情上,文本中明确提到‘焦虑的本质’，并详细描述了焦虑的形成机制，表明作者正在经历明显的焦虑情绪。从内容来看，作者强调自己是一个‘学不会松弛的人’，渴望成就，这可能暗示她对职业发展和自我实现有较高期待，但同时
63,c 箐南 05月22日 11:40 转赞人数超过6900 来自 微博视频号 #家政阿姨说旷野上全是牛马# 没想到家政阿姨们说起互 联 网 hei 话，比大厂员工还要6！全 域 运 营、闭 环 管 理、颗 粒 度……张口就来！打工人说自己是牛马，想活出旷野人生，但家政阿姨说旷野上全是牛马。还有那句“干 得 太 慢 被 嫌 弃 效率低，干得太快被质疑性价比”简直说出打工人的心声 展开c 播放视频,0.65,0.4,0.3,0.8,0.5,negative,0.85,干得太慢被嫌弃效率低，干得太快被质疑性价比; 旷野上全是牛马; 打工人说自己是牛马,文本中通过‘干得太慢被嫌弃效率低，干得太快被质疑性价比’直接表达了职场内卷带来的焦虑感，因此 workplace_involution 得分较高（0.8）。同时，提到‘打工人说自己是牛马’和‘旷野上全
64,c haughty彤 05月15日 00:35 来自 iPhone 快离职了，随便写点： Why：这个问题其实已经明确很久了 1、无意义感：已经度过了早期的成长期，目前工作内容重复了很久，没有成长的意义感，也没有太多动力。 2、束缚感：即使没有工作，也要坐在这里磨洋工、装样子，很多时候确实是没苦硬吃（可以装，但是接受不了大晚上也装） 3、焦虑感：35岁被干掉 展开c,0.75,0.8,0.4,0.6,0.7,negative,0.9,无意义感; 束缚感; 焦虑感：35岁被干掉; 随便写点,文本中表达了强烈的对职业发展路径的迷茫（如‘已经度过了早期的成长期，目前工作内容重复了很久，没有成长的意义感’），以及对年龄带来的职场压力的焦虑（如‘35岁被干掉’）。虽然未直接提及薪酬落差，但存在一
65,c 擎报动力 05月09日 19:26 来自 微博网页版 富婆建议：汽车博主一定要做双赛道 Hii，我是富婆👋 最初选择赛道时，我看中汽车赛道的潜力，但是创作中我发现笼统的汽车图文内容谁都可以发 没有身份的依托，内容空洞无物[汗颜R] . 于是我结合专业知识+10年媒体工作经验，开始做双赛道结合： 汽车图文+媒体运营双赛道模式 这样不仅能吸引 展开c,0.4,0.6,0.2,0.3,0.5,neutral,0.85,没有身份的依托; 内容空洞无物; 结合专业知识+10年媒体工作经验,文本中提到‘没有身份的依托，内容空洞无物’，表现出对职业发展方向和内容价值的不确定，因此发展路径迷茫（0.6）较高。虽然提到‘双赛道模式’，但未明确提及薪酬问题，因此薪酬落差（0.2）较低。工作压力或
66,c 李小粥的茶水间 05月04日 16:20 来自 微博网页版 B站今年五四青年节的短片，挺值得一看的，主题叫「消失的青年」。消失的原因当然不在于青年人自己，而是外界愈发丰富的、渲染焦虑的信息轰炸，这点作为90后我是深有感触的。 早从二十年前纸媒时代开始，媒体就已经善于包装名词，什么“80后是失去的一代”、“90后是毁掉的一代”，经常见诸报端杂志。 展开c,0.4,0.3,0.2,0.5,0.4,negative,0.85,消失的青年; 渲染焦虑的信息轰炸; 90后是毁掉的一代; 媒体就已经善于包装名词,文本中提到‘消失的青年’和‘渲染焦虑的信息轰炸’，反映出对职场环境和身份认同的担忧。同时，提及媒体对90后的负面标签，暗示了身份认同的不确定性。虽然没有直接提到职业发展或薪酬问题，但整体情绪偏向负面，
67,"c 王大力如山 04月25日 08:07 来自 微博音频 #听见微博# #微博声浪计划# 大家好，我是就业研究所的所长：王大力。 刚结束实习的小周放下冰美式，焦虑地刷着""金融裁员潮""热搜时，后台突然弹出一条消息：""投行慈父力哥开播啦！""顺着网线钻进小红书直播间，却意外听到主播在大口嚼饼干：""孩子们，咱们今天聊点扎心的——当年在投行和互联网间做选择的 展开c 播放视频",0.6,0.7,0.4,0.5,0.6,negative,0.85,焦虑地刷着'金融裁员潮'热搜; 当年在投行和互联网间做选择的,文本中提到小周在实习后感到焦虑，刷着'金融裁员潮'热搜，显示出对职业发展方向（如投行与互联网之间的选择）的迷茫，因此发展路径迷茫维度较高。虽然没有直接提到薪酬问题，但提及裁员潮可能暗示对工作稳定性的担
68,c 大鱼Daaa 04月16日 22:31 来自 iPhone 14 Pro Max 赚到百万以上，却还是没自信的事业女性，如何破局？ 1、把自己的过往所拿到的成绩罗列出来，把自己最具优势的技能罗列出来。 比如我是实体9年，私域8年，变现过几个七位数，而我最擅长的就是微信私聊，私聊转化。这个技能如果在互联网公司，应聘私域运营总结，月薪至少也是2W以上的。 2、持续不断强 展开c,0.4,0.3,0.5,0.2,0.4,neutral,0.85,赚到百万以上，却还是没自信的事业女性; 月薪至少也是2W以上; 没有明确的晋升通道,文本中提到‘赚到百万以上，却还是没自信’，表现出对自身价值和职业成就的不确定，暗示身份认同焦虑。同时提到‘月薪至少也是2W以上’，表明对薪酬与自身能力匹配度的思考，体现出薪酬落差的焦虑。文本整体以建议
69,c 十月息 04月14日 20:53 来自 微博网页版 有人嘴上说着现在看不了superpanda的《水火难容》，其实这两天又重温完了……………………而且更感慨了。 首先这篇文从最浅层的情感反馈来讲，是我能感受到对抗感最强烈的那种，两个人是真正意义上的势均力敌，作者也花了功夫来平衡他们俩各方面的实力。他们彼此自然而然地被吸引，经历过挣扎、涌动的 展开c,0.1,0.1,0.1,0.2,0.1,neutral,0.85,对抗感最强烈的那种; 势均力敌; 自然而然地被吸引; 经历过挣扎、涌动,文本内容主要围绕对一部作品的情感反馈，提及了人物之间的对抗感和吸引力，但并未直接涉及职场焦虑的具体维度。因此，四个维度的焦虑指数均较低。整体情感倾向为中性，因为文本没有明显表达积极或消极情绪。关键短语
70,c 吃菜的悟空 04月13日 22:55 转赞人数超过20 来自 微博视频号 打工哪有不发疯的，快乐上班是不可能的 脱口秀爆梗名场面 今晚不加班 L吃菜的悟空的微博视频 播放视频,0.6,0.3,0.4,0.7,0.5,negative,0.85,打工哪有不发疯的; 快乐上班是不可能的,文本中表达了对职场压力和工作强度的强烈不满，如“打工哪有不发疯的”和“快乐上班是不可能的”，反映出较高的职场内卷焦虑（0.7）。虽然没有直接提到职业发展或薪酬的具体问题，但“打工”一词暗示了对职业路径
71,c 王大力如山 03月28日 08:12 来自 微博音频 #听见微博# #微博声浪计划# 这是一档关注金融从业者和已退休从业者的栏目，主理人是王大力。 大家好，欢迎来到大力如山，我是王大力，一名从月薪六千做到百万年薪的退休投行老兵。只是我的身份不仅限于此，我还是金融职场自媒体大力如山的创始人、上海陆家嘴金融城发展基金会 金融职业发展专项基金的发 展开c 播放视频,0.1,0.1,0.2,0.1,0.1,positive,0.85,月薪六千做到百万年薪; 金融职场自媒体; 上海陆家嘴金融城发展基金会,文本内容主要描述了王大力的职业成就和身份背景，强调其从基层到高管的晋升路径以及在金融行业的影响力。整体情绪积极向上，没有直接表达焦虑或不满的内容。虽然提到‘月薪六千’与‘百万年薪’的对比可能暗示薪酬落
72,c 边永元 03月24日 19:59 来自 微博视频号 #周鸿祎学广西话给粉丝表白#阻碍你走向成功的九种心态，必须改掉，人生充满了“试错”总好过人生充满了“如果”﻿！#周鸿祎学方言给粉丝表白# L边永元的微博视频 播放视频,0.1,0.1,0.1,0.2,0.1,positive,0.85,阻碍你走向成功的九种心态，必须改掉; 人生充满了‘试错’总好过人生充满了‘如果’,文本内容主要围绕积极的职场心态和成长建议展开，强调克服负面心态、勇于尝试的重要性。虽然提到‘阻碍你走向成功的九种心态’可能暗示一定的焦虑，但整体语气是鼓励和正面的。因此，四个维度的焦虑指数均较低，尤其
73,c 环球纪录频道 03月24日 18:41 来自 微博视频号 #周鸿祎学广西话给粉丝表白# 周鸿祎解读：阻碍你成功的9种心态，必须改掉！#周鸿祎学方言给粉丝表白# L环球纪录频道的微博视频 播放视频,0.1,0.1,0.1,0.2,0.1,neutral,0.85,阻碍你成功的9种心态，必须改掉！,该文本主要聚焦于周鸿祎对职场心态的分析与建议，内容偏向积极引导和自我提升。虽然提到‘阻碍你成功的9种心态’可能暗示一些焦虑情绪，但整体语境是鼓励性的，没有直接表达对职业发展、薪酬、内卷或身份认同的明确
74,c 董指导挤出俩酒窝 03月18日 19:35 AI的能力，是越来越强了。是不是意味着超级个体，也越来越容易了呢？ DeepSeek R1 没发布之前，我觉得AI写文字，比普通人强一些，但对于我们这种码字的人来说，还欠火候很多。但R1发布后，我深深觉得，能取代70%码字人了，不少文笔我是写不出来的。 Manus没发布之前，我想做个Agent，还需要一些开发 展开c,0.4,0.3,0.1,0.6,0.4,negative,0.85,AI的能力，是越来越强了; 能取代70%码字人了; 文笔我是写不出来的,文本中表达了对AI技术进步的担忧，尤其是对自身职业竞争力的质疑。'能取代70%码字人了'和'文笔我是写不出来的'体现了对职场内卷（工作压力大、竞争激烈）的焦虑，因此 workplace_involut
75,c 得蜜 03月08日 23:47 来自 iPhone 14 Pro 回国这一周，又像个干电池了，每天哐哐干到十点十一点，晚上来不及头脑降温，常常是很困刷着手机睡着了，中途又醒来数次。周五原计划不加班，跟老姐妹相约live house，听歌喝酒释放一下压力。结果我到8点才得以抽身，另一个姐妹9点才来，电话会议还没挂，人机一直合体。我嘲笑她：看你这样还以为baba股 展开c,0.75,0.3,0.2,0.9,0.6,negative,0.85,像个干电池了; 每天哐哐干到十点十一点; 中途又醒来数次; 电话会议还没挂，人机一直合体; 释放一下压力,文本中表现出强烈的职场内卷焦虑（如‘每天哐哐干到十点十一点’、‘人机一直合体’），反映出工作压力大、时间紧张。同时，作者提到‘回国这一周’和‘跟老姐妹相约live house’，暗示对生活与工作的失衡
76,c 电商经理人联盟 03月07日 23:15 #经理人夜话# “能干一天是一天”听到越来越多，也是大多互联网厂工的普遍心态。 我是放平了，怎样都能接受，活着总会有不同的遭遇和经历，绕不过的终究是要面对和经历的，有些不得已未尝不是好事。,0.3,0.2,0.1,0.4,0.3,neutral,0.85,能干一天是一天; 互联网厂工的普遍心态; 放平了，怎样都能接受; 绕不过的终究是要面对和经历的,文本中提到“能干一天是一天”和“互联网厂工的普遍心态”，反映出对工作压力和竞争环境的无奈与疲惫感，这指向职场内卷（workplace_involution）的焦虑指数较高。同时，“放平了，怎样都能接受
77,c Rongheem_ 03月07日 04:27 来自 iPhone 15 Pro Max 深夜小记（一不小心写了2000字版）： 我是真的很喜欢我现在的这份实习 每天早早的起床 画上通勤小妆12:30出门 开开心心的走到公司 到公司一楼前台接待处拿纸杯接上一杯暖心热饮 刷工牌 进电梯 拍一下今日ootd 工位一坐 同事闲聊两句 打开电脑接杯水 检查昨日进展 制定今日todolist 和远在沙特的...,0.1,0.1,0.0,0.1,0.2,positive,0.85,真的很喜欢我现在的这份实习; 每天早早的起床; 开开心心的走到公司; 同事闲聊两句,文本整体表达了对当前实习工作的喜爱和积极体验，如‘真的很喜欢’、‘开开心心’等词汇表明情绪是正面的。在四个维度中，发展路径迷茫（0.1）和身份认同（0.2）略显轻微，可能源于对未来的不确定性或对自身角
78,c 搞钱女孩Fay 03月03日 13:50 来自 iPhone客户端 从早上9点钟开始。一直到现在刚刚结束。我在公司接待了17波。想要跟我合作国际机票打折业务的？实话实说。和你们聊一聊我的想法。除了一个人，其余的人我一个都没看上。除了一个来自湖南长沙的。一个女生。很小。什么钱？从我的内心来讲，我反而喜欢和。这种人合作，你们知道为什么吗？从聊天的过程当 展开c,0.45,0.3,0.2,0.6,0.4,negative,0.85,一直到现在刚刚结束; 我一个都没看上; 竞争激烈; 从聊天的过程,文本中提到‘接待了17波’、‘我一个都没看上’，显示出工作强度大且对合作对象要求高，体现出职场内卷的焦虑（0.6）。虽然没有直接提到薪酬问题，但整体语气透露出对职业选择和合作对象的挑剔与压力，暗示可能
79,c 孙琳Angelina 03月01日 19:14 来自 Redmi K60 至尊版 【汇总合集｜学霸私房课｜日常心理41-50】 学霸私房课｜日常心理41 #DeepSeek回答如何过好这一生# ds有一点值得学习的是它会提供深度思考的过程。包括预测用户真实需求，多角度思考，给出案例。大家要尽快上手，工作效率提高。但局限在于原创性内容工作是不够的。而且不能把ds当成外部权威信息来源。 展开c,0.2,0.1,0.0,0.3,0.2,neutral,0.85,工作效率提高; 不能把ds当成外部权威信息来源; 多角度思考,文本主要围绕对AI工具DeepSeek的使用和评价，内容偏向技术讨论和学习建议。虽然提到‘工作效率提高’可能暗示对职业发展的关注，但并未明确表达对职业方向、薪酬、内卷或身份认同的焦虑。‘不能把ds当成
80,c 枕边风theuglytruth 02月22日 22:41 来自 微博音频 /节目更新/「vol.303 她不仅是小宇宙COO，也是一直在成长的芒芒」 总是在播客活动现场见面的miya和芒芒，终于录音室里见面啦！这是两人第一次在录音室里聊了聊工作、成长、播客行业的变化，以及如何在不确定中前行。 芒芒回顾了自己的职业轨迹：从豆瓣到即刻，再到小宇宙，她的每一步似乎都带着随机 展开c 播放视频,0.2,0.3,0.1,0.2,0.2,neutral,0.85,职业轨迹; 不确定中前行; 每一步似乎都带着随机,文本主要描述了芒芒的职业经历和播客内容，提到她从豆瓣到即刻再到小宇宙的转变，并提到‘在不确定中前行’。这表明她在职业发展上存在一定的不确定性，但并未表现出强烈的焦虑情绪。整体语调较为中性，没有明显负面
81,c 上游视频 02月21日 13:46 来自 iPhone客户端 #重庆猎头女王揭秘人才争夺战#【百姓记录｜我是猎头女王，一个比你更懂你的人才捕手】#猎头建议职场人要主动学习使用AI#12年间，从行业新人成长为猎头公司创始人的颜绮，见证了我国人才市场的结构性升级，也亲历了猎头行业从“简历搬运工”向“战略人才顾问”的蜕变。 猎头与普通人力资源的本质区别， 展开c 播放视频,0.1,0.1,0.1,0.2,0.1,neutral,0.85,人才市场的结构性升级; 猎头行业从‘简历搬运工’向‘战略人才顾问’的蜕变; 一个比你更懂你的人才捕手,文本主要描述了一位猎头从业者的成长经历和行业变化，整体语调中性，没有明显表达焦虑情绪。虽然提到行业转型和竞争压力（如‘结构性升级’、‘战略人才顾问’），但并未直接表现出对职业发展路径、薪酬待遇或身份认
82,c 醉仙美6 02月19日 03:44 来自 微博视频号 老狗决定这个月结束后将公司全员遣散，已经开完会！ 网友扣字吐槽：你还差这点钱？ 老狗说：我做企业要懂得节流开支！没有必要的开销为啥要花？我是不差钱，但都是辛苦攒下来的。 网友：五哥（丁老五）一个人就能把公司挑起来！ 老狗：那是吹牛x，他毕竟岁数大是老人，跟当代年轻人没法比，互联网 展开c 播放视频,0.5,0.3,0.4,0.6,0.5,negative,0.85,老狗决定这个月结束后将公司全员遣散; 没有必要的开销为啥要花？; 跟当代年轻人没法比,文本中提到‘老狗’决定遣散员工，表现出对成本控制的焦虑，暗示了企业可能面临裁员或结构调整，这会引发职场内卷和身份认同的焦虑。同时，‘没有必要的开销为啥要花？’反映出对资源分配的担忧，可能与薪酬落差有关
83,c Dewrar 02月17日 22:37 来自 iPhone 虽然互联网大厂员工35岁被优化的报道频见报端，但我还是很好奇：为什么这些大厂员工会落得一个失业又背负高昂房贷的结局呢？ 能在头部大厂工作的人，无疑都是人中龙凤，学历、能力、智力样样顶尖，这群人大概是全中国最聪明、最精英的群体之一。抛开企业因素不谈，这群最聪明、最精英的人本应有一定的 展开c,0.65,0.7,0.4,0.6,0.6,negative,0.85,35岁被优化; 失业又背负高昂房贷; 最聪明、最精英的群体,文本中提到‘35岁被优化’和‘失业又背负高昂房贷’，反映出对职业发展路径的担忧和对年龄带来的职业风险的焦虑，因此‘发展路径迷茫’得分较高。虽然没有直接提到薪酬问题，但‘最聪明、最精英的群体’与‘失业’
84,c 还在努力开花 02月14日 23:25 来自 iPhone客户端 好辣 今天就给大家分享一下俺这两年从4.25k换了四家公司 怒刷到8.5k（现在才发现正好是两倍）的故事 可能会比较适合应届或者即将毕业的宝宝，括弧，俺就是个小二本文科生，这些经验勉强算上一些求生指南吧，没啥纲要，想到哪写到哪，可能会有点混乱和冗长 🐣先就业还是先择业？ 就业就业就业，这个 展开c,0.4,0.3,0.5,0.2,0.4,neutral,0.85,从4.25k换了四家公司; 怒刷到8.5k（现在才发现正好是两倍）; 可能比较适合应届或者即将毕业的宝宝; 俺就是个小二本文科生,文本中提到从4.25k涨到8.5k，显示出对薪酬提升的一定关注，但并未表现出强烈的不满或焦虑，因此薪酬落差评分为0.5。文中提到‘先就业还是先择业’的问题，暗示了职业方向上的思考，但未明确表达迷茫，因
85,c 本宫就要买买买 02月12日 19:39 来自 微博网页版 改变女生气场格局的38个顶级想法 1、尽可能去变美 你不得不承认，长得好看就是有用，特别是在互联网时代，你身材好，年轻美貌，就能获取流量，创造财富。美丽，也是发财致富的秘籍之一，要慎用，要会用，而不是乱用。所以尽可能让自己变美，没有天生的，那就后天培养。 2、原谅自己 人生中遇到的所有 展开c,0.1,0.1,0.1,0.1,0.1,neutral,0.85,尽可能去变美; 美丽，也是发财致富的秘籍之一; 原谅自己,文本内容主要围绕个人成长和自我提升展开，强调外在形象的重要性以及自我接纳。整体情绪偏向中性，没有明显表现出对职业发展、薪酬、内卷或身份认同的焦虑。虽然提到‘变美’和‘发财致富’，但更多是鼓励性的建议，
86,c 焦剧 02月05日 22:07 来自 iPhone客户端 此刻坐在公寓楼下的咖啡厅，看着眼前杯中苏打水里的倒影，码下这段文字 又一次，在没有完全的着落前，提了离职 没有跟太多人说过这个我想了很久的决定，不是冲动，是连续想了几个月之后的下定决心 在这样不景气的环境下，在我有这个想法初期，正常人都会劝我稳妥起见不要裸辞。我很难把我现在的处境 展开c,0.75,0.8,0.6,0.7,0.8,negative,0.9,没有完全的着落前，提了离职; 连续想了几个月之后的下定决心; 不景气的环境; 裸辞,文本中表现出强烈的焦虑情绪。首先，'没有完全的着落前，提了离职'和'连续想了几个月之后的下定决心'表明对职业发展方向存在迷茫（career_path_confusion）。其次，'不景气的环境'和'裸
87,c 酱娱 01月25日 22:30 转赞人数超过1200 来自 微博视频号 麦琳说会听取网友建议找个班上麦琳心态还蛮好的，确实是干互联网工作的料 麦琳 脱口秀 #优质博文上热搜开放计划# L酱娱的微博视频 播放视频,0.1,0.1,0.1,0.2,0.1,neutral,0.85,麦琳说会听取网友建议找个班上; 麦琳心态还蛮好的，确实是干互联网工作的料,文本内容主要描述了麦琳在社交媒体上的发言和表现，提到她会听取网友建议找一份工作，并且被评价为‘是干互联网工作的料’。整体语气较为中性，没有明显表现出对职业发展、薪酬、内卷或身份认同的强烈焦虑。但‘会听
88,c 相逐相欢 01月04日 03:13 来自 微博网页版 你是如何理解“钱是给女人看的 不是给女人花的”? 大宾哥 很多话你们别听个热闹就拿去不分场合用，尤其要搞清楚，这种“下断言”式的话你得看是谁说的、他是什么社会生态位、他说了算你说了算不算？ 当然了，如果是口号式的拿出来过嘴瘾那就没什么好说的，下面我换个角度，简单拆解一下这个问题。 展开c,0.1,0.1,0.1,0.2,0.1,neutral,0.85,钱是给女人看的 不是给女人花的; 下断言式的话你得看是谁说的; 社会生态位,文本主要围绕对一句网络流行语的分析展开，讨论其适用性和语境。整体情绪较为中性，没有明显表现出对职业发展、薪酬、内卷或身份认同的焦虑。但提到‘下断言式的话’和‘社会生态位’可能暗示对职场中言论和角色定位
89,"c 赵老师很努力 2024年12月31日 10:47 离老家有些距离，不是坏事 网友来信： 赵老师，您好！平时经常看您发的文章，很认同您的观点，希望您这次能说说您作为过来人的看法。 我是山东女孩，我今年刚刚大学毕业，23岁，正如所有人都羡慕的那样，我一毕业就考上了教师编,现在在离家开车一小时的城市市区工作，毕业后我考了家附近的几所城市， 展开c",0.2,0.1,0.3,0.2,0.2,neutral,0.85,离老家有些距离，不是坏事; 一毕业就考上了教师编; 在离家开车一小时的城市市区工作,文本内容主要描述了作者作为刚毕业的大学生，成功考取教师编制并在离家较近的城市工作的情况。整体情绪较为中性，没有明显表达焦虑情绪。然而，提到“离家开车一小时的城市市区工作”可能暗示对职业选择和生活平衡的
90,c 8生生不息8 2024年12月23日 14:28 来自 HUAWEI P40 5G 探索 ACT 治疗：开启心理疗愈的新旅程 在当今快节奏且压力重重的生活中，许多人都在寻找有效的方法来应对焦虑、抑郁、压力等情绪问题，以及改善人际关系和提升生活质量。而接纳与承诺疗法（ACT）逐渐走进了大众的视野，成为了一种备受关注的心理治疗方法。 一、ACT 治疗是什么？ ACT 治疗的全称 展开c,0.2,0.1,0.1,0.3,0.2,neutral,0.85,快节奏且压力重重的生活中; 寻找有效的方法来应对焦虑、抑郁、压力等情绪问题; 工作压力大、竞争激烈,文本主要介绍ACT疗法，提及了现代职场中普遍存在的压力和情绪问题，但并未具体提到职业发展方向、薪酬落差或身份认同的具体焦虑内容。因此，发展路径迷茫和身份认同的焦虑指数较低。然而，文本提到了‘工作压力大
91,c 重生之我在wb撒野 2024年12月22日 23:16 来自 iPhone客户端 感觉回国这半年我的心态转变巨大 一年前我肯定无法想象自己居然乐意放弃更多钱的大厂工作留在广州 出国之前和刚回国那段时间，我一直都很焦虑 焦虑自己出国也没用，回来无法找到体面高薪的大厂工作，对不起爸妈花的这么多钱 回来之后马不停蹄的找大厂实习，然后千里迢迢的跑去上海倒贴实习，就是为了能 展开c,0.75,0.8,0.6,0.7,0.7,negative,0.85,焦虑自己出国也没用; 无法找到体面高薪的大厂工作; 对不起爸妈花的这么多钱; 马不停蹄的找大厂实习; 千里迢迢的跑去上海倒贴实习,文本中表达了强烈的焦虑情绪，主要集中在职业发展方向（如‘无法找到体面高薪的大厂工作’）、薪酬落差（如‘放弃更多钱的大厂工作’）、职场内卷（如‘马不停蹄的找大厂实习’）以及身份认同（如‘对不起爸妈花的这
92,c 刘新征 2024年12月19日 16:43 来自 微博网页版 看《我是刑警》，这个片子其实优秀的并不是那些剧情，我一直认为，剧情无论如何精彩都只体现了编剧的个人见解和世界观，这很大程度上也是我不喜欢虚构类作品的原因。 人是无法想象没有见过的东西的，这是个铁律。 当编剧写伦理剧、感情戏，甚至是悬疑戏的时候，他是擅长的，编剧可以充分的炫技，而我 展开c,0.0,0.0,0.0,0.0,0.0,neutral,0.9,人是无法想象没有见过的东西的; 编剧可以充分的炫技,文本内容主要围绕对影视作品创作逻辑的思考，未提及与职场焦虑相关的具体问题，如职业发展、薪酬、竞争或身份认同。因此，四个维度的焦虑指数均为0。整体情感倾向为中性，作者表达的是对创作逻辑的理性分析，而非情
93,c 李明Bright 2024年12月12日 11:39 来自 微博音频 #听见微博# #微博声浪计划# 【关于节目】 这是一档聚焦商业、科技、互联网领域，一同成长进化的栏目，包括资讯解读、产品运营、市场增长实战经验，读书学习、认知思考分享，和大家一起更好地理解新商业和新科技，在业务增长和个人成长的道路上持续进化。 我是李明Bright，前阿里巴巴的产品专家，前KaDa 展开c 播放视频,0.0,0.0,0.0,0.0,0.0,neutral,0.95,聚焦商业、科技、互联网领域; 一同成长进化; 产品运营、市场增长实战经验; 读书学习、认知思考分享,该文本主要介绍一个职场类栏目内容，强调专业性和成长性，未提及任何与焦虑相关的具体问题。因此，在四个维度上均无明显焦虑表现。情感倾向为中性，文本旨在传递信息而非表达情绪。
94,c 吃木头不吐老阿机 2024年12月06日 20:43 来自 微博音频 年底啦！是不是“上班”上得巨累？谁会喜欢上班！还不是不得不上班？！#一条音频告别2024# #听见热爱 大胆开麦# 最近因为常常听各位老板对上班的吐槽，也想到之前几次跟各种不同类型高强度消耗相关的“班兽”的斗争。 今天就探讨一下，从很累很内耗的上班中，恢复方法吧！#机秘通话# 🙋‍♀️温馨 展开c 播放视频,0.45,0.2,0.3,0.6,0.4,negative,0.85,上班上得巨累; 谁会喜欢上班！还不是不得不上班？！; 高强度消耗相关的‘班兽’的斗争; 从很累很内耗的上班中恢复,文本表达了对工作状态的不满和疲惫感，尤其是提到‘上班上得巨累’、‘不得不上班’等表达，显示出对职场压力和内耗的焦虑。其中‘高强度消耗相关的‘班兽’的斗争’直接指向了职场内卷和过度竞争的问题，因此 Wo
95,c 比奇堡的堡草 2024年12月04日 21:42 来自 iPhone 16 Pro Max 都在说大学生找不到工作，我分享一下 我作为一个两年从打工人转化成“工作室老板” 我开掉员工的过程 发生在昨天，孙给我发了一张截图 看到的时候整个人都在发抖 是生理性的抖 大致就是我在线下招的小助理，在和她的朋友吐槽 我是多么的“伪女权” 而她的朋友附和到：“以后我们都 展开c,0.75,0.6,0.4,0.8,0.9,negative,0.85,整个人都在发抖; 伪女权; 开掉员工的过程; 职业发展方向不明确,文本中表现出强烈的职场焦虑，尤其是身份认同和职场内卷方面。作者提到自己作为‘工作室老板’却因员工的负面评价而感到震惊和不安，显示出对自身角色和归属感的强烈不确定（identity_crisis）。同时
96,c 每天读点正能量 2024年11月18日 20:51 来自 iPhone客户端 【幽默一笑】（97） 1、年轻真好，我也是年纪大了才知道。 2、越来越不爱说话了，最近打算去报个手语班。 3、给大家介绍一下我的互联网替身 4、人生还是要有梦想的，即使是咸鱼，也要最咸的那条。 5、机会是留给有准备的人，没有机会别瞎准备。 6、漂亮女人有点脾气怎么了？怎么了？ 7、你全力做到最 展开c,0.1,0.1,0.1,0.1,0.1,neutral,0.95,人生还是要有梦想的，即使是咸鱼，也要最咸的那条。; 机会是留给有准备的人，没有机会别瞎准备。,该文本主要为幽默段子和正能量语录，整体情绪偏向中性。虽然其中提到‘人生要有梦想’和‘机会是留给有准备的人’，但并未表现出明显的焦虑情绪。四个维度的焦虑指数均较低，因为文本中未提及职业发展路径不明确、薪
97,c JetGoJetGo 2024年11月02日 09:26 来自 iPhone客户端 前天有位朋友带着他的一帮学生到公司来参观交流的时候提了三个问题：第一公司的第一桶金是哪里来的？第二公司的核心竞争力是什么？第三公司的使命是什么？ 我是这样回答的：第一公司的第一桶金是我们几个合伙人之前工作的积累，加上朋友凑的一些钱，没有大家想象的那么大的机缘跟运气比较普通的路子。 展开c,0.1,0.1,0.1,0.1,0.1,neutral,0.85,第一桶金是哪里来的; 核心竞争力是什么; 使命是什么,文本内容主要描述了一位职场人士在回答他人关于公司发展问题时的陈述，没有直接表达焦虑情绪。从语义分析来看，回答者并未表现出对自身职业发展、薪酬待遇、工作压力或身份认同的明显担忧。然而，提到他人提问涉及公
98,c 改命人姜戈 2024年10月25日 11:24 来自 三星Note20 Ultra 5G 和什么样的人聊天才能愉悦和舒服？ 对方能够听懂你的话，能够包容你的感受，同时还能够冷静的分析你的弱点，你的不足，你选择的错误，最后还给你正确的建议，这种聊天是最舒服的。 我在人生的道路中，非常有幸的遇到了一位贵人，我进入互联网大厂工作的第一位上司，英文名叫Johnson。 他是个家境非常 展开c,0.2,0.1,0.0,0.2,0.3,neutral,0.85,对职业发展方向不明确; 能够听懂你的话，能够包容你的感受; 进入互联网大厂工作的第一位上司,文本主要描述了用户在职场中遇到一位对其有帮助的上司，并提到希望找到能理解并提供建设性意见的人。整体情绪偏向中性，没有明显表达对薪酬、晋升或竞争的焦虑。但提及‘对职业发展方向不明确’和‘身份认同’相关的
99,c 踩着风火轮的姑娘whhhh 2024年10月20日 18:11 来自 iPhone客户端 关系中、团体中的权力和地位，都是靠自己争取捍卫来的。人活在一张互联网当中，身处群体，无论是亲朋好友，还是学业工作，你都不可能完全独来独往、独善其身。保持独立性的情况下，还能自给自足、不被坏人欺负坑害，这需要很高的智慧和能力。 内心的力量，是从不断面对恐惧、走出盲区开始，当你解决一 展开c,0.3,0.2,0.1,0.4,0.3,neutral,0.85,关系中、团体中的权力和地位，都是靠自己争取捍卫来的; 保持独立性的情况下，还能自给自足、不被坏人欺负坑害; 内心的力量，是从不断面对恐惧、走出盲区开始,文本主要讨论了职场中个体需要通过努力争取地位和独立性，同时提到面对恐惧和盲区的重要性。虽然没有直接提及职业发展方向、薪酬落差或身份认同的明确焦虑，但提到了‘需要很高的智慧和能力’以及‘不被坏人欺负坑害
100,c 菲比福-辛香兰 2024年10月15日 15:34 来自 iPhone 15 Plus 《雌竞，被污名化的新词（下）》 四、雌竞被污名化过程 过度的雄性竞争，比如印度某油，大大大大技术也让人不适。 但，我们发现，雄性竞争，并没有被狭义缩小内涵至通过盗窃、抢劫、强奸、诈骗等非正当、非法途径、手段获得女性性资源及繁衍机会上。也没有被局限在印度某油里。 （下期继续聊… 展开c,0.2,0.1,0.1,0.3,0.2,neutral,0.85,雌竞被污名化; 过度的雄性竞争; 印度某油; 非正当、非法途径,文本主要讨论职场中关于‘雌竞’和‘雄性竞争’的争议，提及了过度竞争的现象，如‘印度某油’和‘非正当、非法途径’等，显示出对职场竞争激烈程度的担忧，因此在‘职场内卷’维度评分较高。但文本并未直接表达对职
101,c 软妹昱小可爱 2024年09月24日 19:19 来自 🐯🧇iPhone 14 Pro #可爱胡胡的流水账屁话# 秋天来了 院子里的果子熟了 俺也要走了 去过自己的秋天了👋 Doby is 🆓 🧚！ 昨天下班和她们拜拜的时候 jerry 哥说 这是真的拜拜的再见吗 我说 没有啦！明天还一堆事儿呢明天再真再见 今天又再见再见 真再见啦 和我结束最快的一份实习👋 但这一份也是最像 展开c,0.3,0.2,0.1,0.4,0.3,neutral,0.85,过自己的秋天了; 结束最快的一份实习; 真再见啦,文本中透露出对即将结束实习的复杂情绪，如‘过自己的秋天了’和‘真再见啦’暗示对未来的不确定感和对职场角色的短暂归属。虽然没有直接提到职业发展、薪酬或内卷的具体问题，但‘结束最快的一份实习’可能隐含对职
102,c 破家有衔蝉 2024年09月22日 08:55 来自 iPad air 警惕颜割！别忘了“白纸”。虽说不足为惧，相信国家。但也是一件必须小心谨慎处理的事。现在是民间发声，官家不好出面，毕竟外面风大雨大，掌舵人必须全神贯注，不被干扰。国内媒体要么是软脚虾，要么干脆本身就是带着任务的，不火上浇油就不错了，正义发声就别指望了。好在如今见到许多博主自发地为无 展开c,0.6,0.4,0.3,0.7,0.5,negative,0.85,警惕颜割; 民间发声; 官家不好出面; 风大雨大; 掌舵人必须全神贯注; 不被干扰; 媒体软脚虾; 带着任务的; 正义发声就别指望了,文本中表达了对职场环境和外部压力的担忧，尤其是对官方无法直接回应社会问题的无奈感。'警惕颜割'和'风大雨大'暗示了对潜在风险的焦虑；'官家不好出面'和'掌舵人必须全神贯注'反映了对组织内部压力和责任的
103,c 王大力如山 2024年09月06日 08:37 来自 微博音频 #听见微博# #微博声浪计划# 大家好，我是就业研究员贝贝。 本期节目邀请的嘉宾是我的高中同学：钒钒。我和钒钒高中时是同桌，平时上课下课老爱讲话，我明明记得他作为化学课代表，那时候跟我讲他想报考材料化学，结果后来居然干到北邮读信息工程去了。但不管他曾经的志向是什么，当年像我俩最后一个读 展开c 播放视频,0.1,0.2,0.0,0.0,0.1,neutral,0.85,职业发展方向不明确; 当年像我俩最后一个读,文本内容主要描述了作者与高中同学的回忆，提及对方曾有不同专业志向但最终选择不同路径。虽然提到‘职业发展方向不明确’，但整体语气较为轻松，没有表现出强烈的焦虑情绪。其他维度如薪酬落差、职场内卷和身份认同
104,c 默庵·超级个体 2024年08月13日 15:52 来自 微博网页版 小公司，装不下大厂人 今天看到一篇文章，讲的是小公司不欢迎大厂离职员工的话题。 我其实是非常有感触的， 我身边也有类似的例子。 以前，我们总是喜欢这么一个词语，叫：大厂镀金。当你去大厂工作几年之后，就背负了上了大厂光环，给自己镀了一层金。当时，很多中小型企业确实很喜欢大厂出来的人 展开c,0.45,0.3,0.2,0.5,0.6,negative,0.85,小公司，装不下大厂人; 大厂镀金; 不欢迎大厂离职员工; 背负了上了大厂光环,文本主要表达了对职场身份认同的焦虑（如‘小公司，装不下大厂人’和‘大厂镀金’），以及对自身在职场中角色不确定的担忧（如‘不欢迎大厂离职员工’）。同时，提到中小型企业对大厂员工的态度，暗示了职场竞争和内
105,c 田一依依 2024年08月10日 01:01 来自 J音社超话 J音社超话 各位dmls好，我是截图中的鱼崽，针对热门老师帖子中的截图，站在我的角度解释一下当时的情景： 当时刚进入连雾直播间，看到弹幕第一反应确实是本着吃瓜人的心态在解读弹幕，所以接了两句话。一方面没意识到谣言的真实性，一方面确实不该在公众场合发表吃瓜言论，为此特向热门和乌龙茶道 展开c,0.2,0.1,0.0,0.3,0.2,neutral,0.85,站在我的角度解释一下当时的情景; 没意识到谣言的真实性; 不该在公众场合发表吃瓜言论; 特向热门和乌龙茶道,文本内容主要描述了用户对某事件的澄清，表达了一定程度的自我反思和对行为后果的担忧。其中提到‘没意识到谣言的真实性’和‘不该在公众场合发表吃瓜言论’显示出一定的职场内卷焦虑（因担心被误解或引发争议）和身
106,c PITD亚洲虐待博士组织 2024年08月08日 19:53 pitd树洞超话 虐虐，想投稿。我是2024届应届毕业生，秋招拿到了互联网大厂offer，最近入职两个月辞职了。这份工作早上九点到晚上九点，周末我还需要加班，我在上班的过程中，没有人教我，我自己看别人的东西做他们给我的文档，做出来错了以后他们问我为什么不问，我问了以后又问我为什么不主动思 展开c,0.75,0.6,0.3,0.8,0.7,negative,0.9,早上九点到晚上九点; 没有人教我; 做出来错了以后他们问我为什么不问; 周末我还需要加班; 不主动思考,文本中描述了高强度的工作时间（早上九点到晚上九点，周末加班），缺乏指导和培训，且在工作中被批评不主动思考，表现出强烈的职场内卷和身份认同问题。虽然没有直接提到薪酬落差，但工作强度与回报的不匹配可能暗示
107,c 玻璃绷带小狗_ 2024年08月07日 15:51 来自 iPhone客户端 今天找同济哥姐喝咖啡 感觉tj哥的思维真的挺超前的 真的佩服 我跟他们吐槽领导 tj哥觉得领导的想法没错 连部门里其他人都觉得我做的没错 他觉得领导批评我是有理由的 有时候感觉如果自己真的理解不了领导的思维 可能真的就不是做领导的料 因为她们爬到这个高度一定是有原因的 或许我真的该去适应一下公 展开c,0.5,0.6,0.2,0.4,0.6,negative,0.85,感觉tj哥的思维真的挺超前; 有时候感觉如果自己真的理解不了领导的思维; 可能真的就不是做领导的料; 或许我真的该去适应一下,文本中表现出对职业发展方向和自身角色的不确定，如‘可能真的就不是做领导的料’和‘或许我真的该去适应一下’显示出身份认同和职业路径的焦虑。虽然没有直接提到薪酬问题，但整体情绪偏向负面，工作压力和竞争感也
108,c 狗鱼实干家来自1208 2024年08月04日 12:13 来自 iPhone客户端 之前和朋友说，等我上几天班再来和你分享我的班后感，现在我已经不能确定自己是不是在上班了 在入职培训的一周半，我下意识的把自己当成一个学生，抱着学习的心态，在正式上班的两周，因为管培生的特殊性质，我觉得自己仿佛还是一个学生，大家也把我当成一个学生，帮助我去学习 管培生真的是一个利弊 展开c,0.5,0.6,0.2,0.4,0.6,negative,0.85,不能确定自己是不是在上班了; 仿佛还是一个学生; 管培生真的是一个利弊,文本中表达了对职业身份的不确定（‘不能确定自己是不是在上班了’、‘仿佛还是一个学生’），显示出身份认同焦虑。同时，提到‘管培生真的是一个利弊’暗示对职业发展路径存在迷茫。虽然没有直接提及薪酬或竞争压力
109,c -枝微 2024年07月30日 22:53 来自 iPhone 这几天的工作真的让我感觉无比痛苦…当初进入互联网公司时，我是抱着“好好干，大不了试用期内双方都觉得不合适我们就互相拜拜”的心态来的，心想放平心态，努力工作，那结果应该也不会太差。但是这两天我真的，这样的工作让我身体、心灵都受到了严重的伤害，我明显感受到了我由内而外的低压和情绪紧张 展开c,0.75,0.3,0.2,0.8,0.6,negative,0.9,无比痛苦; 身体、心灵都受到了严重的伤害; 低压和情绪紧张,文本中表达了强烈的职场压力和情绪困扰，尤其是对工作环境的不满和身心疲惫感。虽然没有直接提到职业发展路径或薪酬问题，但通过‘试用期内双方都觉得不合适我们就互相拜拜’可以看出对职业方向的不确定性。‘工作让
110,c 星河网事 2024-07-26 18:48 转赞人数超过100 来自 微博视频号 林木怒斥俞美之忍你很久了 不是一个量级的你不配跟我对话 换多少搭档了都是别人的错啊 我说的已经很收敛了，少在直播间提我，最好不要提我，她给我拉黑了，我视频里根本不会出现她，我俩在团队就是陌生人，不要提我了我老累了，也不要说男的没有格局，既然男女平等，就按照平等的来，你们看看回放谁先 展开c 播放视频,0.75,0.3,0.2,0.8,0.7,negative,0.85,忍你很久了; 换多少搭档了都是别人的错啊; 我老累了; 不要提我了; 我俩在团队就是陌生人,文本中表现出强烈的职场冲突和情绪宣泄，显示出对工作环境的不满和压力。'忍你很久了'、'我老累了'等短语直接表达了焦虑情绪。'换多少搭档了都是别人的错啊'暗示了职场内卷和人际关系紧张，'我俩在团队就是陌
111,c 温爸教子 2024年07月20日 17:06 来自 微博网页版 企业一般是不会倒闭的。业务骨干到任何时候都不需要纠结焦虑 现代企业大多并非以彻底倒闭这种方式告终，更多是通过重组来实现转型与新生。当一些企业经营状况不佳，运转遇到难题时，我们不能轻易就认定它们没有价值了。实际上，企业仍然拥有大量珍贵的资源，像厂房、设备、土地这类有形资产，还有技术 展开c,0.1,0.1,0.1,0.2,0.1,neutral,0.85,企业一般是不会倒闭的; 业务骨干到任何时候都不需要纠结焦虑; 现代企业大多并非以彻底倒闭这种方式告终; 不能轻易就认定它们没有价值了,文本整体语气较为中立，旨在传递一种对企业的信心和对员工的鼓励。虽然提到‘业务骨干到任何时候都不需要纠结焦虑’，但并未直接表达出强烈的焦虑情绪。因此，四个维度的焦虑指数均较低。文本未提及职业发展路径、薪
112,c 王大力如山 2024年07月19日 08:15 来自 微博音频 #听见微博# #微博声浪计划# 这是一档关注金融行业职场从业者和已退休从业者的栏目，主理人是王大力。 之所以缘起要录今天这期节目，是因为最近金融行业发生了挺多不好的事，比如之前中金的那位女生去世，让人深感惋惜和痛心。而与此同时的互联网上，也出现一些新的叙事，像是历史进入垃圾时间，做金融 展开c 播放视频,0.6,0.4,0.3,0.7,0.5,negative,0.85,金融行业发生了挺多不好的事; 中金的那位女生去世; 历史进入垃圾时间; 做金融,文本提到金融行业发生负面事件（如中金员工去世），并提及‘历史进入垃圾时间’，暗示对行业前景和职场环境的担忧。这反映出较强的职场内卷焦虑（0.7），同时对职业发展路径（0.4）和身份认同（0.5）也有一
113,c 一个坏土豆 2024年07月13日 20:16 来自 微博网页版 我曾长期深陷失业的恐惧与绝望！ 土豆说： 最近连续写了几期经济，留言板聊的最多的问题之一就是失业。 宏观上我聊了几期了，今天从个体角度来谈谈这个问题，我们应该如何度过人生的至暗时刻。 别的我不敢说，但谈到失业，我真的是这个方面的专家。 我失业的经验陆续加起来超过了6年.......几乎占 展开c,0.75,0.6,0.3,0.8,0.7,negative,0.9,长期深陷失业的恐惧与绝望; 人生的至暗时刻; 失业的经验陆续加起来超过了6年,文本中明确提到‘长期深陷失业的恐惧与绝望’和‘人生的至暗时刻’，表现出强烈的对职业稳定性的担忧。‘失业的经验超过6年’进一步强化了这种焦虑感，说明作者在职场中经历了长期的不确定性，因此在‘职场内卷’和
114,c 挽回 2024年07月13日 13:35 来自 微博网页版 为什么现在人都不想结婚了？ 婚姻，作为人类社会中一项古老而重要的制度，长久以来承载着繁衍后代、经济互助、情感依托等多种功能。然而，在当今社会，越来越多的人开始表现出对婚姻的犹豫甚至排斥，结婚率的持续下降已经成为一个全球性的社会现象。那么，究竟是什么原因导致了现在的人们普遍不想结婚 展开c,0.2,0.1,0.1,0.2,0.3,negative,0.85,为什么现在人都不想结婚了？; 婚姻，作为人类社会中一项古老而重要的制度; 越来越多的人开始表现出对婚姻的犹豫甚至排斥; 结婚率的持续下降已经成为一个全球性的社会现象,文本主要探讨婚姻观念的变化，而非直接涉及职场焦虑。因此，四个维度的焦虑指数均较低。然而，文中提到‘越来越多的人开始表现出对婚姻的犹豫甚至排斥’和‘结婚率的持续下降’，暗示了个体在社会角色和人生规划上的
115,c 李桂江 2024年06月09日 14:25 来自 微博网页版 #董宇辉称到今天都不享受直播工作# 董宇辉说：“我是非常抗拒卖东西的，实事求是，我到今天都不享受这个工作”，虽然觉得自己的工作有支撑意义，但没有喜悦，“可能本质上还是自己以前性格上的原因，过去职业的原因”。 我相信他讲的是真话，工作的东西，很少人能真正喜欢的。以前有问你觉得最辛福的 展开c,0.4,0.3,0.2,0.5,0.4,negative,0.85,非常抗拒卖东西; 到今天都不享受这个工作; 没有喜悦; 可能本质上还是自己以前性格上的原因,文本中董宇辉表达了对直播工作的不享受和抗拒，显示出对职业角色的不认同（身份认同焦虑），同时提到‘没有喜悦’和‘性格上的原因’暗示了对职业发展方向的不确定（发展路径迷茫）。虽然未直接提及薪酬或竞争压力，
116,c 三联生活周刊 2024年05月27日 12:49 来自 微博网页版 【#一份双休工作我用了10年才找到# 】#双休和单休真是两种人生# 在35岁之前，我终于找到了一份双休工作，很多人的第一份工作就是双休，而我却用了10年才找到，这其中我觉得主要是由于我的选择和能力欠缺造成的。 我是2008年江苏省高考改革的第一届，那年我是踩着二本分数线上了我们省内的一所二本工科 展开c,0.6,0.7,0.4,0.5,0.6,negative,0.85,用了10年才找到; 选择和能力欠缺; 双休和单休真是两种人生,文本中提到作者在35岁之前才找到一份双休工作，这反映出对职业发展路径的迷茫（career_path_confusion），因为很多人第一份工作就是双休，而他却用了十年。同时，他提到自己的选择和能力不足
117,c 祉野 2024年05月22日 11:48 上学被同学霸凌，上班被同事霸凌，在互联网还要被大男主粉霸凌，天生被霸凌的命我是,0.75,0.6,0.4,0.8,0.9,negative,0.95,被同学霸凌; 被同事霸凌; 被大男主粉霸凌; 天生被霸凌的命,文本中表达了强烈的负面情绪，尤其是对职场和网络环境中的持续压迫感。'被同学霸凌'、'被同事霸凌'和'被大男主粉霸凌'表明了个体在不同环境中都感受到被排斥和攻击，这直接指向身份认同危机（identity
118,c 唐三秒Fiona 2024年04月25日 19:41 来自 iPhone客户端 重生我是全职宝妈设计师 自二一年突然知晓有了宝宝开始🤰工作就开始团糟图从来没有想过会经历那么现实的职场，短短两个月公司经历了停业，注销，开张🌚 ❗️❗️❗️最后结果就是我离职了，还是自愿签署的离职承诺书，这一签换来的就是再也回不去，这一签换来的就是三年的待业经历，或许这就是麻 展开c,0.85,0.9,0.6,0.7,0.9,negative,0.92,工作就开始团糟; 公司经历了停业，注销，开张; 自愿签署的离职承诺书; 三年的待业经历; 再也回不去,文本中表达了强烈的职场挫折感和对职业发展的迷茫。作者提到从全职宝妈设计师到突然失业的经历，显示出对职业路径的不明确和身份认同的动摇（如‘再也回不去’）。虽然未直接提及薪酬问题，但长期待业可能暗示了经济
119,c 忘忧小说 2024年04月19日 00:30 来自 iPhone 11 Pro Max 《能做不能说的职场潜规则》 第1章 我们公司空降了一个总经理，据说是总公司某个领导的亲信。 为了尽快做出业绩，他直接把我这个公司销冠开了，然后把我的客户全部划到他自己名下。 还大幅调低了公司客户的分成比例，跑去跟总公司领导邀功。 他在年会上说：看我多厉害，才来几个月，就给公司盈利了几个 展开c,0.75,0.6,0.8,0.9,0.7,negative,0.85,被开除; 客户全部划到他名下; 大幅调低分成比例; 邀功,文本描述了职场中因空降领导而遭遇不公平对待的情境，包括被解雇、客户资源被剥夺以及薪酬调整等行为。这些事件直接引发了强烈的焦虑情绪。其中，'职场内卷'（0.9）最为突出，因为文中提到的过度竞争和不公正待
120,c 霓彩鱼跃 2024年04月16日 00:07 来自 Redmi 7 《青蛙王子与灰姑娘》 英俊在单位，房产业务越来越熟练，同事相处的也不错，做了店长，与我的相处比较好的同事朋友相处的不错，我们经常结伴一起小聚，K歌、台球、吃饭喝酒，他也会和他的同学泡网吧玩游戏，后来他自己租了一个小小的房子，从合租的地方搬出来了，他的同学与女友一起租住了，我偶尔过去 展开c,0.1,0.1,0.1,0.1,0.1,neutral,0.85,房产业务越来越熟练; 同事相处的也不错; 做了店长; 结伴一起小聚,文本内容整体描述了一个人在职场中逐渐成长的过程，包括业务能力提升、人际关系良好、职位晋升等积极信息。没有明显表达焦虑情绪的词汇或情境，如对职业方向的不确定、薪酬不满、工作压力大或身份认同问题。因此，四
121,c 星屿漫川 2024年04月13日 20:21 来自 北方有谷堆Android 抛去她写的文（当然我非常喜欢她的作品），她这个人就是一个让我很敬佩很羡慕也很强的女性，因为很久没有刷到她的微博内容，我还是在这件事之后去翻了她微博，发现这条，她在工作上遇到轻视，她的回答是“我会用我的业务能力狠狠打脸每一个把人看扁的白男让他知道我这么年轻坐到这个位置是有真本事的” 展开c,0.6,0.3,0.2,0.7,0.6,negative,0.85,用我的业务能力狠狠打脸每一个把人看扁的白男; 我这么年轻坐到这个位置是有真本事的,文本中提到职场中遭遇轻视，表现出对工作环境中不公待遇的不满和应对压力的强烈情绪。这反映了职场内卷（0.7）和身份认同（0.6）的焦虑。虽然没有直接提到职业发展路径或薪酬问题，但通过表达对自身能力的强调
122,c 清河庆 2024年04月09日 11:39 来自 Redmi Note 12 Turbo 只要人活着，就不可能不痛苦。当你意识到自己辛苦的付出和努力后仍然达不到别人的起点，当你发现自己的生活状态不尽人意，当你做了很多尝试还是走不出困境，就会觉得苦闷。 我是苦闷的，我相信大多数的年轻人也是苦闷的。因为在我们共同所处的社会环境，经济周期，文化氛围里。我们很难获得：满意的工 展开c,0.75,0.8,0.6,0.7,0.8,negative,0.9,辛苦的付出和努力后仍然达不到别人的起点; 生活状态不尽人意; 走不出困境; 苦闷; 很难获得满意的工,文本表达了强烈的焦虑情绪，主要体现在对职业发展路径的迷茫（如‘达不到别人的起点’、‘走不出困境’），以及对自身在职场中角色和归属感的不确定（如‘苦闷’）。虽然没有直接提到薪酬差距或内卷的具体描述，但通
123,c 早睡早起好过一病不起 2024年03月21日 00:08 来自 微博轻享版 03.20 我人生的这趟列车，终会到达那里 ———————————— ootd之又是装聪明蛋的一天，最近皮肤状态巨好，走在路上觉得艳压群芳，我这个人真是漂亮不得一点[不好意思]（自拍时嘴凸是一点都不提哈） 找工作第三天，一回舒适圈真的就舒适了。上午斗志极低，在我非常真诚但有点烦人地争取机会、 展开c,0.3,0.4,0.2,0.3,0.2,neutral,0.85,找工作第三天，一回舒适圈真的就舒适了; 上午斗志极低,文本中提到‘找工作的第三天’和‘一回舒适圈真的就舒适了’，暗示对职业发展路径的不确定性和对当前状态的不满，体现出一定的职业发展迷茫（0.4）。虽然有提到‘斗志极低’，但没有直接提及薪酬或薪资对比，因此
124,c dnixnehj 2024年03月19日 23:09 来自 荣耀70 Pro 5G 讨厌一些自以为是的男领导 并没有让我感受到互联网公司的扁平化管理 开会的时候不认真听就要被提问比上课还严格 还要被迫说一些虚伪的对工作的期待对公司的夸奖 现在的心态就是反正我是实习生大不了开除我,0.65,0.4,0.2,0.8,0.7,negative,0.85,讨厌一些自以为是的男领导; 没有让我感受到互联网公司的扁平化管理; 开会的时候不认真听就要被提问比上课还严格; 被迫说一些虚伪的对工作的期待对公司的夸奖; 反正我是实习生大不了开除我,文本中表达了强烈的不满和压抑情绪。'讨厌一些自以为是的男领导' 和 '没有让我感受到互联网公司的扁平化管理' 显示了对职场环境的失望，属于身份认同焦虑。'开会的时候不认真听就要被提问比上课还严格' 和
125,c 深白的幻想森林w 2024年03月18日 19:00 来自 微博网页版 失业四个月了 你还好吗？ 大家好啊 我曾经是一名base在北京的互联网打工狗 因为确实很狗 一路兢兢业业踏实肯干 从11年毕业时月薪3300 到22年年底时月薪3万3 感觉这11个年头就像一个被我越吹越大的大泡泡 去年年底的时候 啪的一声 全都碎了 离职是因为公司要搬家 我因为个人原因 没法跟着大部队一起 展开c,0.75,0.8,0.6,0.7,0.8,negative,0.9,失业四个月了; 一路兢兢业业踏实肯干; 越吹越大的大泡泡; 啪的一声 全都碎了; 无法跟着大部队一起,文本表达了强烈的职场焦虑情绪。'失业四个月了'和'啪的一声 全都碎了'表明对职业发展和经济状况的极度担忧，体现出身份认同危机（identity_crisis）和职业路径迷茫（career_path_c
126,c 少数派sspai 2024年03月11日 15:07 来自 微博网页版 #少数派年度征文# 渐入佳境：斜杠程序员的数字游民转型之旅 大家好，我是张小吉，一个斜杠程序员。去年 8 月份从职场毕业后，开始自己的数字游民转型之旅。 从刚开始的焦虑惶恐盲目尝试，到现在确定自己未来深耕的方向，其中还是有蛮多坎坷的。 不过好在我坚持了下来，目前已经渐入佳境啦。成果就是已 展开c,0.3,0.6,0.2,0.3,0.3,positive,0.85,焦虑惶恐盲目尝试; 确定自己未来深耕的方向; 其中还是有蛮多坎坷的; 坚持了下来; 渐入佳境,文本中提到‘从刚开始的焦虑惶恐盲目尝试，到现在确定自己未来深耕的方向’，表明作者在转型初期存在明显的职业发展路径迷茫（0.6）。但整体情绪是积极向上的，强调‘坚持了下来’和‘渐入佳境’，说明焦虑已有所
127,c 丸子麻麻要睡好覺 2024年03月09日 21:12 来自 iPhone客户端 部门来了个新同事，性别：男 是那种非常典型的🇨🇳男 今天上班的人很少，我们小组这周本是双休，我是调休了这周单休，他是因为刚来不知道这周双休所以来上班了 一大早非常主动找我搭话了，三言两语就打开了我这个闷葫芦的话匣子。 在这之前，听说部门来了个很厉害的，我知道就是他的那一瞬间我承 展开c,0.2,0.1,0.0,0.3,0.2,neutral,0.85,部门来了个新同事; 非常典型的🇨🇳男; 我承 展开c,文本主要描述了与新同事的互动，没有直接表达对职业发展、薪酬或工作压力的强烈焦虑。但提到‘非常典型的🇨🇳男’和‘我承’（可能为‘我承受’的不完整表达）暗示了一定程度的职场适应压力和身份认同的不确定性。整
128,c 社畜茶水间 2024年03月08日 21:11 来自 2号咖啡机iPhone 11 投稿： 我失败的前半生 茶，我又要失业了……给大家分享分享我的历程，可能能帮大家及时调整自己的规划避避坑吧。 本科和硕士都选了非常小众的工科专业，当时经济形势还不错，没有对任何行业产生过下滑或者萎缩的担忧，硕士毕业后也就开始在本专业内工作。但是这个行业本来规模就不大，现在又处于萎缩 展开c,0.75,0.8,0.6,0.7,0.7,negative,0.85,我要失业了; 失败的前半生; 行业规模不大; 处于萎缩,文本中表达了强烈的焦虑情绪，主要体现在对职业发展路径的迷茫（如‘失败的前半生’、‘行业萎缩’），以及对可能失业的担忧。虽然没有直接提到薪酬落差，但‘分享历程’和‘避坑’暗示了对职业前景的不安全感。职场
129,c 老王的BOSS圈 2024年02月28日 10:28 来自 微博搜索 #董宇辉不能既享受流量红利又逃避舆论# 董宇辉如何用流量征服质疑？ 在这个信息爆炸的时代，网红们的一言一行都牵动着无数网友的目光。董宇辉，作为互联网上的一颗璀璨明星，其高流量内容吸引了大量粉丝的关注，同时也不可避免地面临着来自四面八方的舆论挑战与质疑。今天，老王和你一起来深入探讨一下 展开c,0.2,0.1,0.1,0.3,0.2,neutral,0.85,信息爆炸的时代; 高流量内容; 舆论挑战与质疑; 深入探讨,文本主要围绕董宇辉作为网红在流量和舆论之间的平衡进行讨论，提及了‘信息爆炸’、‘舆论挑战与质疑’等关键词，暗示职场中因高关注度而产生的压力和竞争。但整体语境偏向中性，没有明确表达对职业发展、薪酬或身份
130,c 老王的BOSS圈 2024年02月22日 05:58 来自 微博网页版 #职场指南 #职场心理 #职业发展 职场生存法则：少说多做还是多说少做？ 不管是职场小白，还是职场老司机都面临一个困惑：人在职场，是少说多做还是多说少做？就像昨天，老王遇到一个案例：张女士，33岁，一家互联网公司的中层管理者，近期遇到非常烦心的事情。那就是她的直接领导对她有“看法”。原因 展开c,0.5,0.6,0.3,0.7,0.4,negative,0.85,职场生存法则; 人不在职场; 少说多做还是多说少做; 直接领导对她有‘看法’,文本中提到张女士作为中层管理者遇到直接领导的负面看法，暗示了她在职场中的身份认同和人际关系压力，体现出一定的职场内卷和身份危机。同时，文章提出关于‘少说多做还是多说少做’的困惑，反映出职业发展路径上的
131,c 努力毕业版奥子Olivia 2024年01月27日 13:10 来自 iPhone客户端 上个分享打工的帖子下有朋友问直播带货这份工作怎么样的哈，我给大家细细说来你们再参考参考要不要入行，分为四个部分：入行要求、行业现状、个人感受、个人想法。 首先是1⃣️入行要求 中专以上/大专以上 不太看重学历，看中销售的能力和脸，这里的脸不单纯指“好不好看”，而且“合不合适”， 展开c,0.2,0.1,0.2,0.3,0.1,neutral,0.85,入行要求; 不看中学历，看中销售的能力和脸; 合不合适,文本主要是在分享直播带货行业的信息，内容偏向中性。虽然提到行业对销售能力和外貌有要求，但并未表现出强烈的焦虑情绪。发展路径迷茫和身份认同的焦虑较低，因为没有明确表达对职业方向或自我价值的怀疑。薪酬落差
132,c 卜来又卜去 2024-01-19 16:05 转赞人数超过200 来自 iPhone 13 Pro Max 经常被问为啥两个外地人跑来福建定居 之前都说不知道，后来认真想了下 1️⃣白哥纯纯因为北方人没来过南方，好奇南方生活，加上校招被福建大厂招过来就卷铺盖下南方来玩玩了，朴实无华的理由；我是早先我爸在这边有工作，毕业后过了一阵子和初恋分手了就说换个环境呆呆（那段烂感情彻底改 展开c,0.2,0.1,0.1,0.3,0.2,neutral,0.85,卷铺盖下南方来玩玩了; 换个环境呆呆; 那段烂感情彻底改,文本主要描述了两位外地人选择在福建定居的原因，其中提到‘卷铺盖下南方来玩玩了’暗示了一定的工作压力和竞争（职场内卷），但并未明确表达对职业发展路径、薪酬待遇或身份认同的强烈焦虑。整体情绪较为中性，叙述
133,c 古月两青水 2024年01月12日 18:27 来自 微博网页版 《工作五年，害怕被这个世界抛弃，怎么办？》 因为弄自媒体，结识了很多朋友。虽然大多数日子里，我们都是点赞之交，可一旦遇到什么事情，随时都能开展一段深入的对谈。 上周我收到Z同学的留言，聊了工作、学习、AI时代这些话题。Z同学的问题比较模糊，更多的是对自己情况的阐述；我的回复也并不周全 展开c,0.4,0.6,0.2,0.3,0.5,negative,0.85,害怕被这个世界抛弃; 对自己的情况的阐述; 问题比较模糊; 回复也并不周全,文本中表达了对职业发展的不确定性和对自身价值的怀疑，如“害怕被这个世界抛弃”和“对自己的情况的阐述”显示出发展路径迷茫和身份认同焦虑。虽然没有直接提到薪酬或内卷的具体内容，但整体情绪偏向负面，因此整体
134,c 北落的师门 2024年01月05日 17:10 来自 iPhone 11 Pro 【如何穿越职业生涯的牛熊-北落答疑】-#北落碎碎念# 网友提问：师座您好，我是20年在同事的推荐下入市的，从什么都不懂到小有了解，感谢您及市场上优秀的人的科普。 这三年来是我经历的第一次牛熊，时至今下我依然对我国经济充满了乐观，憧憬着未来；但是在市场弱势之下，我想请教一下在 您是怎么 展开c,0.2,0.1,0.0,0.3,0.2,neutral,0.85,穿越职业生涯的牛熊; 第一次牛熊; 市场弱势之下; 对我国经济充满了乐观,文本中提到用户经历了第一次牛熊周期，表达了对市场环境的担忧（如‘市场弱势之下’），这反映了职场内卷和对职业发展的不确定性。但整体情绪较为中性，用户仍对经济保持乐观，因此焦虑程度较低。没有明确提及薪酬落
135,c 关雅荻 2023年12月25日 11:32 来自 iPhone 12 Pro Max 昨晚的#关雅荻吾爱西尼马##电影年会不能停#活动现场实录 非常热闹~#跨年电影愿# 感谢董润年和应萝佳临时抽空来到影院现场跟观众互动~ 本期主要内容： 00:06 大鹏向「吾爱西尼马」听友推荐《年会不能停！》 01:50 关雅荻介绍本场活动和电影《年会不能停！》背景 05:48 观众1：影片对生活有真正的 展...,0.1,0.1,0.1,0.1,0.1,neutral,0.95,非常热闹; 感谢董润年和应萝佳临时抽空来到影院现场跟观众互动,该文本主要描述了一场电影活动的现场情况，内容以正面、中性的信息为主，没有直接表达焦虑情绪。虽然提到‘非常热闹’和‘感谢’等积极词汇，但整体语境偏向中性，未涉及职业发展、薪酬、内卷或身份认同方面的具体问
136,c 阳光普照大地万秋 2023年12月19日 08:57 来自 Xiaomi Civi 2 为人处世的30条 在当今社会，为人处世已经成为了成功的关键要素之一。 不论你是在职场奋斗，还是与家人朋友相处，为人处世的细节决定着我们的人际关系和未来前途。 今天，给大家分享30条为人处世的细节。让你成为一个更受欢迎的人。 1、不要欺骗他人，始终遵守你的承诺。答应别人的事情，确保你能够 展开c,0.1,0.1,0.1,0.1,0.1,neutral,0.95,为人处世的30条; 决定着我们的人际关系和未来前途; 让你成为一个更受欢迎的人,该文本主要是一篇关于职场人际交往技巧的指导性文章，内容偏向于积极建议和正面引导。文中没有直接提及与焦虑相关的具体问题，如职业发展迷茫、薪酬不满、工作压力或身份认同危机等。因此，四个维度的焦虑指数均较低
137,c Constance来杯手冲吧 2023年12月16日 21:04 来自 HUAWEI P50 Pro 我就知道他不会走。 我从来不关心任何直播， 只关心我在大促季能省多少钱， 作为一个刚下载抖音一周的用户， 我没有看过任何一场东方甄选的直播。 董宇辉火起来的时候， 我才知道新东方在直播带货， 用一种中英混杂、独特且不可替代性很强的方式进军如火如荼的直播带货行业， 以挽救K12毁灭性的打击 展开...,0.1,0.1,0.1,0.1,0.1,neutral,0.85,我从来不关心任何直播; 我没有看过任何一场东方甄选的直播; 以挽救K12毁灭性的打击,文本内容主要描述了用户对抖音和东方甄选直播带货的观察，以及董宇辉通过中英混杂方式进入直播带货行业的背景。整体情绪较为中性，没有直接表达对职业发展、薪酬、内卷或身份认同的焦虑。虽然提到新东方因K12受挫
138,c 幸运羊羊123 2023年12月13日 16:26 来自 微博网页版 其他生活体验：北京/成都/深圳微博正文 来分享一下杭州的生活体验吧 想到哪写到哪 来杭州将近半年了～不足之处欢迎补充 转眼来杭州将近半年了 时间真是一转眼 杭州的生活节奏很快，忙碌，充实，有目标感 是呆过的城市里唯一一个正向搞钱氛围浓厚的地方 这边的观念比较接近重商主义，尊重 展开c 幸运羊羊123 的微博 看到喵子写了几个...,0.15,0.1,0.1,0.2,0.1,neutral,0.85,生活节奏很快; 忙碌，充实，有目标感; 正向搞钱氛围浓厚,文本整体以分享生活体验为主，语气较为中性。提到杭州生活节奏快、工作忙碌且有目标感，暗示一定的工作压力（职场内卷），但未明确表达对职业发展路径、薪酬待遇或身份认同的强烈焦虑。因此，四个维度的焦虑指数均较
139,c 虎嗅APP 2023年12月07日 21:00 来自 微博网页版 【秋招落幕，二本生的简历石沉大海】 最新数据显示，2024年毕业生人数将达历史新高：1179万。而在维持8年高速增长后，2024年全国研究生考试报考人数为438万，较去年下降了36万。这意味着，直接就业或许成为更多应届生的选择。 拿下秋招，无异于拿到职场直通卡。今年的秋招从一开始就裹挟着“血雨腥风 展开c,0.75,0.8,0.6,0.9,0.7,negative,0.85,秋招落幕; 简历石沉大海; 血雨腥风; 直接就业; 职场直通卡,文本主要聚焦于2024年应届毕业生面临的就业压力，尤其是二本生在秋招中遭遇的困难。‘秋招落幕’和‘简历石沉大海’表达了对职业发展路径的迷茫（career_path_confusion）；‘血雨腥风’和
140,c 这是Stella呀哦啊 2023年11月30日 12:00 来自 iPhone客户端 那些真正会搞钱的人，做事方法都是相似的 「像强者学习」是之前在500强外企时leader经常讲的一句话 我一直有个利用碎片时间听书的习惯，每次不知如何行动时，我都会在脑海中搜索书中的片段，代入作者的视角，借鉴他们的做事方式。如果是他，将会如何解决这个问题？ 今天就来和大家分享一下，我在搞钱 展开c,0.2,0.1,0.1,0.3,0.2,positive,0.85,真正会搞钱的人; 做事方法都是相似的; 利用碎片时间听书的习惯; 借鉴他们的做事方式,文本整体呈现积极向上的态度，强调学习和自我提升。虽然提到‘真正会搞钱的人’和‘借鉴做事方式’，暗示对职业发展的关注，但并未直接表达焦虑情绪。‘职场内卷’在文本中没有明确提及，但‘不知如何行动时’可能隐
141,c 玖儿嘟嘟嘟噜 2023年11月25日 09:54 来自 荣耀30 5G 被互联网朋友治愈的一天 以后你进入职场，你可能会遇到很多不公平的事，这些不公平都是客观存在的，我不是让你放弃争取机会或者变得温吞，我是希望你从心态上知道这些问题的存在不是因为你才出现的，我希望你平和地接受这些不公平。,0.2,0.1,0.1,0.3,0.2,neutral,0.85,被互联网朋友治愈的一天; 你可能会遇到很多不公平的事; 不是因为你才出现的; 平和地接受这些不公平,文本整体语气较为中性，作者试图以一种劝导的方式提醒读者职场中的不公现象是客观存在的，并鼓励以平和心态面对。虽然提到‘不公平’，但并未表现出强烈的焦虑情绪，更多是一种理性的认知与劝慰。因此，在四个维度中
142,c 阿葱 2023-11-11 20:37 转赞人数超过200 来自 熬夜小能手 #我可以47# 在体能对抗的综艺「我可以47」里，看到了典型的职场生态。 节目的对抗难度很高，两队需要徒手攀岩过铁索桥，再从桥两端固定好放置板子的铁链，然后两队再从桥两边同时开始铺设桥板。等桥合拢之后，还要将1吨重的物资搬运过桥。整个项目对对抗双方的体力、耐性、心态、情绪，尤其是团队协作 展开c 动图,0.2,0.1,0.1,0.3,0.2,neutral,0.85,体能对抗的综艺; 对抗难度很高; 团队协作,文本主要描述了一个综艺节目中的职场生态，提到项目对体力、耐性、心态和情绪的要求较高，以及需要良好的团队协作。虽然提及了工作压力大（如‘对抗难度很高’），但并未直接表达对职业发展路径、薪酬待遇或身份认同
143,c 为好优姐姐 2023年10月29日 10:06 来自 为好优求职超话 新媒体怎么入门？ 如今确实新媒体运营炽手可热，很多人看着网上各种博主的爆火，自己也是跃跃欲试。其实也并不是不可以，只是如果要想成功也确实需要一定的规划，而不是一股脑分享自己的“日常vlog”。具体而言，可以从以下几方面入手： 首先：需要明确自己的方向与受众。如果只是单纯的在网上分享自己 展开c,0.2,0.3,0.1,0.1,0.2,neutral,0.85,新媒体运营炽手可热; 需要一定的规划; 不是一股脑分享自己的‘日常vlog’; 明确自己的方向与受众,文本主要围绕如何入门新媒体运营，提出了一些建议和思考。虽然提到‘新媒体运营炽手可热’可能暗示竞争激烈，但整体语气较为中性，没有明显表达对薪酬、身份认同或内卷的强烈焦虑。文本更偏向于提供指导而非表达情绪
144,c 社畜茶水间 2023-10-18 20:19 转赞人数超过200 来自 2号咖啡机iPhone 11 投稿： 茶茶好，大家工作辛苦了！今天想请问一下大家对“各方面条件都不是很有竞争力的”应届毕业生去北上广深漂的看法是什么呀？ 双非文科应届已在家乡某二线城市上班三个月（很痛苦准备裸辞），有互联网大厂和媒体的运营实习经历，无过硬的专业技能。家庭情况不算很差，择业期或者备考期可以简单啃 展开c,0.75,0.8,0.6,0.7,0.8,negative,0.9,各方面条件都不是很有竞争力的; 很痛苦准备裸辞; 无过硬的专业技能; 择业期或者备考期可以简单啃,文本中表现出强烈的职场焦虑情绪。首先，用户提到自己是‘双非文科应届生’，且‘各方面条件都不是很有竞争力’，这反映出对职业发展路径的迷茫（career_path_confusion）。其次，用户提到在二
145,c Scalers 2023年10月17日 14:40 来自 微博网页版 “数字游民”这个新兴职业，你准备好了没？ 最近看到“数字游民”的概念，有很多人在讨论。 所谓“数字游民”，就是一种生活方式，你不用在固定位置上班，能利用互联网远程创造收入，可以自由移动。于是，利用汇率差、物价差、空间差，你可以在全球各地工作，进而提高生活质量。 如果对照来看，十年 展开c,0.2,0.3,0.1,0.2,0.2,neutral,0.75,数字游民这个新兴职业，你准备好了没？; 对照来看，十年,文本主要介绍‘数字游民’这一新兴职业的概念和生活方式，语气较为中性。虽然提到‘你准备好了没？’可能暗示对职业选择的不确定性，但整体并未表现出强烈的焦虑情绪。因此，在四个维度上焦虑指数较低，尤其是薪酬落
146,c 啾咪一只小可爱_ 2023-09-14 09:05 转赞人数超过10 来自 iPhone客户端 最近和朋友们聊了不少，想写点东西记录下这三年。 当年高考成功上岸，但因为差点缘分没能来上海去了北京，成了一点说大不大说小不小的遗憾，那时候立志未来有机会一定要去上海实习，甚至去那里工作，对上海的执念一直持续了三年。但我始终记得，三年前的我有一个很坚定的目标：我要多实习，要往上爬， 展开c,0.3,0.4,0.1,0.2,0.3,neutral,0.85,对上海的执念一直持续了三年; 立志未来有机会一定要去上海实习; 要多实习，要往上爬,文本中表达了对职业发展方向的一定迷茫（如‘立志未来有机会一定要去上海实习’），但并未明确提到薪酬落差或职场内卷的具体内容。身份认同方面，作者提到对上海的执念，暗示了一定的归属感不确定。整体情绪较为中性
147,c 乐潇的律职会客厅 2023年09月08日 09:07 来自 iPad Pro #每天分享点什么# 最近，开始找工作，重新反思了我上一份全职工作的失败之处，如果倒回到四年前，我会避开这些坑，调整自己的思维模式，做一个更能适应职场的职场人。 1. “打工心态”一定不会快乐 我当时去的是一家创业型的互联网公司做运营，很忙，996是常态。我经常会抱怨公司就给我这点钱，却拿 展开c,0.65,0.7,0.6,0.8,0.6,negative,0.85,重新反思了我上一份全职工作的失败之处; 如果倒回到四年前，我会避开这些坑; 996是常态; 抱怨公司就给我这点钱,文本中表现出对职业发展路径的反思和迷茫（如‘重新反思失败之处’、‘避开这些坑’），显示出一定的职业方向焦虑。薪酬方面有明显不满（如‘抱怨公司就给我这点钱’），体现出薪酬落差焦虑。工作强度高、996是常
148,c 虎嗅APP 2023-09-08 08:58 转赞人数超过10 来自 微博网页版 【咱中年人再难，能比应届生还难？】 过去两周里，聊了3～4位HR同行。包括有咨询公司的同行，也包括当年在猎头公司的老同事们。 作为80后人力资源从业者，我们的谈资很有限：孩子，我们这代人的娃基本上开始卷读书了；工作，各家公司都半死不活，聊了一圈，没一家说自己公司欣欣向荣的；市场环境，比 展开c,0.75,0.8,0.6,0.9,0.7,negative,0.85,咱中年人再难，能比应届生还难？; 各家公司都半死不活; 聊了一圈，没一家说自己公司欣欣向荣的,文本表达了对职场环境和自身职业发展的强烈不满。'各家公司都半死不活' 和 '没一家说自己公司欣欣向荣的' 显示出对工作环境和企业前景的悲观情绪，体现出强烈的职场内卷焦虑（0.9）。同时，提到中年人与应
149,c OnceAgainZzZ 2023年08月21日 00:45 来自 iPhone客户端 现在是周日的晚上，经历了一个周末的心灵按摩，此时此刻我的心情和周中上班时的心情已截然不同，原本周五下班后脑子里存在的那些想表达的观点，在此时此刻，不是已经忘了就是改变了看法😂（双休的重要性，人确实需要一松一弛） 照例先谈一下我这一周overall的感受： - 这周主打一个逐渐熟悉，少了一 展开c,0.1,0.1,0.0,0.1,0.2,neutral,0.85,逐渐熟悉; 双休的重要性; 一松一弛,文本整体情绪较为中性，作者提到周末的放松和对工作状态的反思，表现出对工作节奏和生活平衡的关注。但没有直接表达对职业发展、薪酬、内卷或身份认同的强烈焦虑。'逐渐熟悉'表明作者在适应工作中，'双休的重要性
150,c EC品牌观察 2023年08月16日 23:06 来自 微博网页版 「中产阶级的诞生」 诞生于GDP处于中高增速阶段+优势产业崛起带来高薪岗位和产业机会+房子股票等财富储存器带来财富增长这样的宏观背景下。 GDP 增速：做大蛋糕的速度，有增量日子才会越来越好，很多问题可以在发展中解决，但经济增速越来越慢是每个经济体都无法避免的命运。 经济增速三个平台期，中枢 展开c,0.3,0.2,0.1,0.4,0.3,neutral,0.75,经济增速越来越慢; 每个经济体都无法避免的命运; 优势产业崛起带来高薪岗位和产业机会,文本主要讨论了经济增速放缓对中产阶级的影响，提及了GDP增长、高薪岗位和财富积累等宏观因素。虽然没有直接表达个人焦虑情绪，但提到‘经济增速越来越慢是每个经济体都无法避免的命运’暗示了对未来发展不确定性
151,c 说给美少女的洞爷 2023年07月31日 21:20 来自 NrqsbAndroid 【投稿】姐妹们，我想来求大家帮忙调理下我工作心态我是去年毕业出来找工作，转行做了新媒体，第一家公司是刻板印象里那种很卷的互联网公司，底薪不高，每个人都为了提成奋斗，干了半年实在太累了于是辞职。之后找到一家传统行业的公司，老板刚准备发展新媒体，特意成立了个部门就我一个人，公司 展开c,0.65,0.7,0.5,0.8,0.6,negative,0.85,太累了于是辞职; 刻板印象里那种很卷的互联网公司; 底薪不高; 每个人都为了提成奋斗; 发展新媒体; 特意成立了个部门就我一个人,文本中表现出明显的焦虑情绪，主要体现在对职业发展方向的迷茫（如‘转行做了新媒体’、‘公司刚准备发展新媒体’），以及在工作压力和竞争环境中的不适（如‘很卷的互联网公司’、‘每个人都为了提成奋斗’）。同时
152,c 宝坻发布 2023年07月24日 09:12 来自 微博网页版 【“00后”就业：努力就有收获】 又到了一年一度的就业季，找到心仪工作的毕业生已经开始做入职准备，还未“上岸”的毕业生正处于紧张焦虑的状态。人力资源管理专家说，“00后”就业有新特点，而两位非重点大学毕业生的成功求职经历，很好地诠释了该如何放平心态找工作。 考研失败不怕 工作依旧出 展开c 天津日报数字报刊平台 关注高校毕业生就业...,0.2,0.3,0.1,0.2,0.2,neutral,0.85,还未‘上岸’的毕业生正处于紧张焦虑的状态; 放平心态找工作,文本提到‘还未上岸的毕业生正处于紧张焦虑的状态’，表明存在一定的发展路径迷茫和职场压力。但整体语气偏向中性，强调‘努力就有收获’和‘放平心态’，并未表现出强烈的负面情绪或对薪酬、身份认同的明显焦虑。因
153,c 学姐许多钱 2023年07月13日 17:59 来自 微博网页版 “因为粗心马虎犯了一点小错被批评，心态很崩溃” 富婆群里一位粉丝提出这个问题之后，居然有很多姐妹都遭遇过这种烦恼！！我曾经也认为：粗心马虎这种小错，是要比刻意释怀犯大错更可怕的！因为“小错本可避免”，但现在看来并不是～ 只要是人，就会有注意力的偏差，比如我此刻在码字写微博，自然注 展开c,0.4,0.2,0.1,0.6,0.3,negative,0.85,因为粗心马虎犯了一点小错被批评，心态很崩溃; 小错本可避免; 注意力的偏差,文本中提到因‘粗心马虎’而被批评导致‘心态崩溃’，反映出对工作表现和自我要求的高期待与现实之间的落差，体现出职场内卷（Workplace Involution）的焦虑，评分较高。同时，作者提到‘小错本
154,c 社畜茶水间 2023-06-30 19:07 转赞人数超过100 来自 2号咖啡机iPhone 11 投稿： 茶茶好，我是一个底层互联网打工人，目前收到2个offer各有特点，纠结半个月无果，求各位兄弟姐妹帮忙出出主意！,0.6,0.7,0.4,0.5,0.6,negative,0.85,收到2个offer各有特点; 纠结半个月无果; 求各位兄弟姐妹帮忙出出主意,文本中提到‘收到2个offer各有特点’和‘纠结半个月无果’，表明对职业发展方向存在明显迷茫（发展路径迷茫得分较高）。虽然没有直接提及薪酬问题，但‘纠结’可能暗示对薪酬或工作条件的不满（薪酬落差中等）
155,c 闫晓雨Esse 2023-06-11 18:26 转赞人数超过10 来自 微博网页版 年轻人们越来越“难”了。 这种难，是这个时代愈发显得花团锦簇，走进喜宴里，却发现流水席上都是填不饱肚子假模假样的模板选择。 年轻人看起来选择越来越多了，考公考编、进大厂、创业、数字游民……整个互联网就像一个巨大的游乐市集，招募着年轻人们加入成为“主宰人生”的摊主，事实上，绝大多数热 展开c,0.75,0.8,0.6,0.7,0.7,negative,0.85,越来越‘难’了; 选择越来越多了; 填不饱肚子假模假样的模板选择; 绝大多数热,文本表达了对当代年轻人职业选择的困惑和不满，提到‘越来越难’、‘选择越来越多’但实际是‘假模假样’的模板选择，反映出发展路径迷茫（0.8）和身份认同焦虑（0.7）。虽然没有直接提到薪酬问题，但隐含了对
156,c 争气孔 2023-05-30 12:02 转赞人数超过1200 来自 iPhone 13 Pro 我怕我明天没时间写，晚上趁热打铁起来写写我当时是怎么决定辞职的。 下定决心从来不是立刻当下马上的，是一个很循序渐进的过程，我是有天发现自己买的很肥的裤子腰突然快穿不上了，很懵，因为那个裤子我毫不夸张的讲之前就是腰多出来一圈，可以再多塞进去1/3个我。 我女朋友看我很难过，当时跟我说 展开c,0.3,0.2,0.1,0.4,0.3,negative,0.85,下定决心从来不是立刻当下马上的; 很懵; 女朋友看我很难过,文本中表现出对职业选择的犹豫和不确定（如‘下定决心从来不是立刻当下马上的’），暗示了对职业发展路径的迷茫。虽然没有直接提到薪酬问题，但通过描述辞职决定的过程，可能隐含对当前工作状态的不满。文中提到‘很
157,c 杭州金融女民工 2023-05-11 18:42 转赞人数超过900 有人说董明珠和格力压榨孟羽童导致她离职。 这我要说一句了，我农村来的，钱和资源到位了，我可以睡在单位不回家 孟羽童在格力得到的一切，远超她一个应届毕业生能给格力带来的东西。 如果我是她，即使顶着黑眼圈离开格力，我也会真诚地感激格力和董明珠。因为与孟羽童相比，绝大部分打工人， 展开c,0.45,0.3,0.2,0.6,0.5,negative,0.85,钱和资源到位了，我可以睡在单位不回家; 与孟羽童相比，绝大部分打工人; 即使顶着黑眼圈离开格力,文本中表达了对职场现状的不满，尤其是对工作压力大、竞争激烈的描述（如‘睡在单位不回家’），体现出较强的职场内卷焦虑。同时，提到自己与孟羽童的对比，反映出身份认同上的不确定感。虽然没有直接提及薪酬或职业
158,c 紫去独闲 2023-04-30 06:20 转赞人数超过500 来自 iPhone 14 Pro Max 【紫，来投个稿寻求一下大家的建议 麻烦腻死，谢谢！ 简略版本：刚入职4天就不想干了怎么办 下面背景可能比较长我先说我自己的方案看看可不可行：如果我五一之后正式开始接触相关业务还是学不进看不进，就尝试和hr交流讨论换岗可能性，试试还有没有我比较合适的岗位空缺的可以去 我是今年硕士毕业校 展开...,0.6,0.7,0.3,0.5,0.6,negative,0.85,刚入职4天就不想干了; 学不进看不进; 尝试和hr交流讨论换岗可能性,文本中表达了对职业发展方向的迷茫（‘刚入职4天就不想干了’、‘尝试和hr交流讨论换岗可能性’），显示出对当前岗位的不适与不确定感。虽然没有直接提到薪酬问题，但‘学不进看不进’可能暗示工作压力或内容不符
159,c 童慢慢plus 2023年04月09日 18:51 肯定是年薪100万厉害。 我自己做小买卖一年也赚到过100万利润，现在做个员工一个月几千还担心公司关门。 自己做生意这个事情，有时候就是站巧了，抓住机会了，钱就是你的。我是一个70后，不愁钱，刚刚毕业就赶上第一次互联网浪潮，我会点美工，自学过PS啊FP、DW啊这些工具，开始做网站。一开始自己做 展开c,0.5,0.3,0.7,0.4,0.5,negative,0.85,肯定是年薪100万厉害; 现在做个员工一个月几千还担心公司关门; 自己做生意这个事情，有时候就是站巧了,文本中表达了对当前薪酬的不满（'现在做个员工一个月几千还担心公司关门'），显示出明显的薪酬落差焦虑。同时提到自己曾通过创业赚到100万利润，对比当前作为员工的状态，反映出身份认同和职业发展路径的不确定
160,c 九筒键车 2023年04月05日 10:02 来自 微博网页版 这两天B站一些up主停更的事，闹得沸沸扬扬，还上了热搜。因为这里面有up主我私下也认识，而且我自己也停更过一个账号，后来秽土转生做了个新号，也就是这个九筒笔记，现在我们是以工作室形式运营，靠做视频吃饭的，所以看到up主停更这事，还是有挺多话想说的。 比如大家关心的，up主停更背后的真正原 展开c,0.3,0.2,0.1,0.4,0.3,neutral,0.85,停更的事，闹得沸沸扬扬; 自己也停更过一个账号; 靠做视频吃饭的; 看到up主停更这事，还是有挺多话想说,文本主要围绕UP主停更事件展开，表达了对行业现状的关注和自身经历的分享。虽然提到‘停更’和‘有挺多话想说’，但并未明确表达强烈的焦虑情绪。职场内卷（如竞争激烈、工作压力）在文中有所体现，但未达到高度焦
161,c 知总pro-三句话提供价值 2023年03月31日 11:33 来自 微博网页版 #知名职场博主上线了# 2023年3月31日，周五，招聘日记。 昨天我在@三江学院 ，因为印象里有个支系的表妹，高考一般去了这学校，但是毕业以后去那种婴幼儿教培做的很不错，很早就月薪过万，加上目前规划的未来公司办公用房和宿舍距离这个学校“不算太远”，所以就去了。 去了以后发现，快递柜居然可以 展开c,0.1,0.1,0.2,0.1,0.1,neutral,0.85,发展路径迷茫; 薪酬落差; 职场内卷; 身份认同,文本内容主要描述了作者在招聘过程中对某学校及其毕业生情况的观察，提及了表妹的职业发展和未来公司办公用房与学校的距离。整体情绪较为中性，没有明显表现出焦虑情绪。但文本中提到‘月薪过万’、‘规划的未来公司
162,c 新闻晨报 2023年03月29日 18:00 来自 微博网页版 【38岁哲学硕士、前记者失业半年送外卖引质疑？本人发声】最近，“闪送员陈师傅”陈涛的视频火了。 在视频中自述找不到工作的陈涛，是2011年从四川大学哲学系毕业的硕士，曾做过五六年的文化记者，先后在《中国新闻周刊》和《南方周末》工作过。至今网上还有他的稿子，他还存着做记者时的名片。在离开 展开c,0.75,0.8,0.6,0.7,0.8,negative,0.85,失业半年送外卖; 找不到工作的陈涛; 曾做过五六年的文化记者; 网上还有他的稿子; 存着做记者时的名片,文本描述了一位哲学硕士、前记者因失业而从事送外卖工作，引发社会对其职业发展和身份认同的质疑。这反映出强烈的‘发展路径迷茫’（0.8），因为其职业背景与当前工作存在巨大落差；‘身份认同’（0.8）也较高
163,c 虎嗅APP 2023年03月27日 20:00 来自 微博网页版 #裸辞后生活会变好吗# 【裸辞，地摊，与我的理想生活】 29岁，在工作六年之后，我选择从互联网公司裸辞。之前，我一直从事数据分析工作。事实上，这并非我第一次裸辞。裸辞的起因并非是遭遇了迈不过去的坎，只是和我想要的生活不吻合。 每当我发现自己身处一种痛苦之中，便会试图逃离，通过休息一段 展开c,0.5,0.7,0.3,0.4,0.6,negative,0.85,裸辞; 与我的理想生活不吻合; 痛苦之中; 试图逃离,文本中提到‘裸辞’和‘与我的理想生活不吻合’，表明对职业发展方向存在明显迷茫（0.7）。虽然没有直接提到薪酬问题，但‘裸辞’可能暗示对当前工作不满，因此薪酬落差评分较低（0.3）。文中提到‘痛苦之中’
164,c 易碎小鱼 2023年03月09日 19:53 来自 流浪的iPhone 13 今天怼了主管一顿神清气爽，发疯真的有用！！ 原因是我从入职以来就一个人干两三个人的活，原本我职位还有一个对应职位做搭档双线工作的，可能由于大环境问题，八个月过去了一个人没招到，在超强度的工作压力下我得了情绪性胃反流，还因为焦虑等问题呼吸困难（那时候还以为是阳了白肺了） 我私下反馈 展开c,0.75,0.4,0.3,0.9,0.6,negative,0.85,怼了主管一顿神清气爽; 一个人干两三个人的活; 超强度的工作压力; 情绪性胃反流; 呼吸困难; 没有招到; 焦虑等问题,文本中表现出强烈的职场内卷（workplace_involution）和身份认同危机（identity_crisis），因为员工长期承担超出职责范围的工作，且缺乏支持，导致身体和心理双重压力。虽然提到
165,c 汉堡的宝儿_ 2023年03月08日 18:41 来自 iPhone 13 美女们妇女节快乐！！ 公司今天女性有半天假，提前溜去健身，下班时能看见阳光和满大街的fafa心情超好 作为995互联网产品，成为社会人一年多了，没有别人口中的逐渐发福，身材依旧fit，健身这么久了其实根本没把健身当回事。汉堡哥也常常说我是健身划水者——对自己没有任何身材要求 这么 展开c,0.1,0.1,0.0,0.2,0.1,positive,0.85,995互联网产品; 没有别人口中的逐渐发福; 健身划水者,文本整体情绪积极，表达了对自身状态的满意和对工作的轻松态度。'995互联网产品'暗示工作强度较高，但未明确表达焦虑；'没有别人口中的逐渐发福'表明对身材管理有自信，未表现出焦虑；'健身划水者'是自嘲，
166,c 北京青年报 2023年03月07日 17:44 来自 微博网页版 【全国政协委员吕国泉：#建议惩罚设置35岁年龄门槛的企业# ，放开“公考”年龄限制】今年全国两会，青年人就业问题是代表委员聚焦热议的话题之一。近日，全国政协委员吕国泉提交的有关打破35岁“职场天花板”的提案冲上热搜，备受青年关注。如何解决青年心中的职场天花板，如何看待大学生毕业生就业难 展开c,0.4,0.5,0.3,0.4,0.3,neutral,0.85,打破35岁‘职场天花板’; 青年就业问题; 职场天花板; 大学生毕业生就业难,文本主要聚焦于青年就业问题和35岁职场年龄门槛的讨论，反映出对职业发展路径的不确定性（如‘职场天花板’）以及对青年群体在职场中面临的挑战的关注。虽然没有直接提到薪酬落差或身份认同问题，但‘职场天花板’
167,c 虎嗅APP 2023-02-24 23:24 转赞人数超过10 来自 微博网页版 #虎夜聊天室# 【35岁互联网人，重新找工作】 2月份马上就要接近尾声了，“金三银四”即将到来。尽管每年的“金三银四”都被戏称为“铜三铁四”，但这次的求职季，格外令人失望。受疫情影响了三年，每个人都在期待市场的复苏。而在招聘市场上，却迟迟没有苏醒的信号。 受这波招聘焦虑影响最深的，除了 展开c,0.75,0.8,0.6,0.7,0.8,negative,0.85,金三银四”，格外令人失望; 招聘市场迟迟没有苏醒的信号; 受这波招聘焦虑影响最深; 35岁互联网人，重新找工作,文本中提到‘金三银四’求职季令人失望，招聘市场未复苏，反映出对职业发展路径的迷茫（career_path_confusion）。同时，提及疫情后市场复苏未达预期，暗示薪酬可能不如预期（salary_g
168,c 羊又走丢了 2023年01月29日 17:07 来自 微博视频号 互联网公司黑话： 沙雕程序员之“老板的大饼”。 网友：你吃撑了没，反正我是吐了 ...#it研究所# L羊又走丢了的微博视频 播放视频,0.2,0.1,0.1,0.3,0.2,negative,0.75,老板的大饼; 你吃撑了没，反正我是吐了,文本内容主要围绕互联网公司中常见的‘黑话’和讽刺性表达展开，其中‘老板的大饼’暗示了对职业发展缺乏实际承诺的不满，而‘你吃撑了没，反正我是吐了’则表现出对职场文化或工作压力的无奈与反感。整体情绪偏向负
169,c 信奥赛吴老师 2023年01月22日 20:17 来自 微博网页版 #中国奇谭# 看了这个动画感触很深，共鸣点非常多。借此机会写下观后感，因为是观后感，各抒己见。 第一话《小妖怪的夏天》 曾几何时，我是一个互联网的小码农，其实很多职业都是一样的，过着无忧无虑的日子，摸鱼那是在正常不过的事情了，正如片头的小猪妖睡懒觉。突然间被叫去了开会，说是唐僧经过， 展开c,0.2,0.1,0.1,0.3,0.2,neutral,0.85,过着无忧无虑的日子; 摸鱼那是在正常不过的事情了; 突然间被叫去了开会,文本中提到‘过着无忧无虑的日子’和‘摸鱼那是在正常不过的事情了’，暗示对当前工作状态的轻松感，但随后提到‘突然间被叫去了开会’，可能隐含对工作压力或变化的轻微焦虑。整体情绪偏向中性，没有明显表达对职业
170,c 固安宝德 2023年01月12日 14:23 来自 微博网页版 优秀员工丨榜样的力量（2022年第四季度优秀员工心得分享） 优秀员工是一个公司必不可缺的重要人才，是推动事业发展的中坚力量。其实作为一名优秀的员工，除了品德、工作能力之外，一些良好的工作习惯会使他们更好地发挥潜能，在单位脱颖而出。 小编寄语 首先要恭喜各位优秀员工及销售精英 展开c,0.1,0.1,0.1,0.2,0.1,positive,0.85,优秀员工; 榜样力量; 推动事业发展; 良好的工作习惯,文本整体为正面宣传性质，强调优秀员工的重要性及良好工作习惯的作用，未提及任何负面情绪或焦虑内容。因此，四个维度的焦虑指数均较低。其中，'职场内卷'略有体现，因提到'竞争激烈'，但整体仍以积极鼓励为主。
171,c 小慌 2023年01月06日 17:52 来自 微博网页版 一个富人区的地址定位，一幅不知真假的名画，一身不便宜的衣服，再加上年轻的身体，结实的小腿，就疯狂吸粉百万+。等韭菜就位，直播开起，几分钟就收获打赏几十万。 这是短视频时代最牛逼的写作手法。寥寥几笔，效果爆棚。下笔精妙，收笔生猛，收割起来机声隆隆。 如果万柳书院少爷不是冒牌货，那个 展开c,0.3,0.2,0.1,0.4,0.3,negative,0.85,疯狂吸粉百万+; 收割起来机声隆隆; 短视频时代最牛逼的写作手法,文本主要描述了短视频平台上通过虚假身份和夸张表现迅速获得关注和收益的现象，表现出对职场中快速成功、不正当手段获取资源的不满与焦虑。其中，'收割起来机声隆隆'和'短视频时代最牛逼的写作手法'反映了对职场
172,c 摘花花呀 2023年01月02日 23:04 来自 iPhone 13 我看2022 生活总是太扯，在2022的尾巴给胳膊摔了，现在仿佛端着残肢在码字。 这一年历经了疫情的反复与政策的迭代，也累积了疫情时代给予的难得经历，红绿灯般的健康码像是给日常生活的路途也赋予了“红灯停绿灯行黄灯亮了等一等”的别番体验，无需多言，存在即合理，明天更健康。 在深圳转眼间一年多 展开c,0.2,0.1,0.1,0.3,0.2,neutral,0.85,生活总是太扯; 端着残肢在码字; 红绿灯般的健康码; 存在即合理,文本整体情绪较为中性，作者表达了对2022年经历的感慨，提到疫情、健康码等外部因素带来的影响。虽然有‘生活总是太扯’和‘端着残肢在码字’等略带无奈的表达，但并未直接提及职业发展、薪酬或职场内卷的具体焦
173,c 总裁老福 2023年01月01日 19:31 福总您好，我是刚硕士毕业的应届生，工作半年了，目前就职于互联网行业，但是最近也遇到了自己的职场困惑。 因为一直以来对自己的要求都比较高，很想走在同龄人前列。最近我们出了绩效，我以为我的表现很好，结果是个普通绩效。 我复盘了好久，团队里面高职级的同学贡献确实比我大，但是大家的级 展开c,0.65,0.7,0.4,0.6,0.6,negative,0.85,对自己的要求都比较高; 很想走在同龄人前列; 绩效是个普通; 高职级的同学贡献确实比我大; 对工作压力大、竞争激烈,文本中表现出明显的焦虑情绪，主要集中在职业发展路径的迷茫（如‘很想走在同龄人前列’和‘绩效是个普通’），以及职场内卷（如‘工作压力大、竞争激烈’）。虽然没有直接提到薪酬落差，但通过对比高职级同事的贡献
174,c 睡佛233 2022年12月31日 14:58 来自 iPhone客户端 #2022年终总结# 从2022年初天津新冠爆发开始，就在学校开启了长达一年的闭关。大概也是这会，投出去了第一篇会议，结束了自己孱弱的科研，转身投向了尚硅谷。 2022，从3，4月份找暑期实习的折戟沉沙，到7月份提前批的颗粒无收，再到9月份的感谢信收集器，崩溃了很多次，但总是相信自己能收获一个可以 展开c,0.65,0.7,0.3,0.6,0.6,negative,0.85,闭关; 折戟沉沙; 颗粒无收; 崩溃了很多次; 相信自己能收获,文本中表现出强烈的职场焦虑，主要集中在职业发展路径的迷茫（如‘从2022年初天津新冠爆发开始，就在学校开启了长达一年的闭关’和‘投出去了第一篇会议，结束了自己孱弱的科研’），以及工作压力大、竞争激烈（
175,c 球和人都要上进的山鸡 2022年12月27日 23:35 来自 微博轻享版 成为吴总张总互动的断层第一☝️哈哈哈哈哈 当然她俩也是我互动的前二位！ 以我的发博频率，我怀疑我是很多人“最关注的人” 以及 我居然最爱在上班时间刷微博？？！！我如此不爱工作，已经被互联网看穿穿啦,0.2,0.1,0.1,0.3,0.2,neutral,0.85,成为吴总张总互动的断层第一; 我怀疑我是很多人‘最关注的人’; 居然最爱在上班时间刷微博？？！！; 我如此不爱工作，已经被互联网看穿穿啦,文本整体情绪较为轻松，带有自嘲和幽默色彩，因此焦虑程度较低。从内容来看，作者提到自己在微博上的活跃度较高，并调侃自己是“最关注的人”，这可能反映出对职场身份和社交地位的某种关注，但并未表现出强烈的焦虑
176,c 飞扬看房 2022年12月26日 09:55 来自 HUAWEI Mate30 Pro 5G 昨天我家小领导批评我自从做自媒体之后，这两年脾气变差了，动辄生气，说话很难听。 我觉得批评的有道理，接受批评，并愿意改正。 做自媒体，本身工作的强度就很高，然后发的文章有各种评论，前几年的评论还是整体很友好的，近两年由于某些老鼠屎的出现，整个风气被带差了，评论区出现了一些不友好的 展开c,0.4,0.2,0.1,0.6,0.3,negative,0.85,小领导批评我; 脾气变差了，动辄生气; 评论区出现了一些不友好的; 工作强度很高,文本中提到‘小领导批评我’和‘脾气变差了，动辄生气’，反映出对自身行为和情绪控制的担忧，可能与职场压力有关。同时，‘工作强度很高’和‘评论区出现了一些不友好的’表明存在较大的工作压力和外部负面反馈，这
177,c 甜桃小卖部 2022年11月11日 21:58 来自 iPhone客户端 之前一直因为工作不开心，今天想明白了一些事情，开心了很多 不开心是因为工作中碰到了非常非常非常不喜欢的同事，用面相学来说是面大鼻小，换句话说是职场绿茶，再换句话说是碰到了喜欢抢功的同事怎么办 刚开始不开心，整个人显得戾气非常重，熟悉的人知道她给我委屈受了，不熟悉的人觉得我怼天怼地 展开c,0.5,0.2,0.1,0.7,0.6,negative,0.85,非常非常非常不喜欢的同事; 职场绿茶; 抢功的同事; 戾气非常重; 怼天怼地,文本中主要表达了对与不愉快同事共事的负面情绪，尤其是提到‘非常非常非常不喜欢的同事’和‘职场绿茶’等强烈负面词汇，显示出较高的职场内卷和身份认同焦虑。虽然作者提到‘想明白了一些事情，开心了很多’，但整
178,c 风绮啊 2022年09月28日 21:17 来自 微博网页版 #大学生毕业后存钱有多重要# 就这么说吧，钱是英雄胆。 人进入社会，穷一时没要紧，只要敢想肯拼，一定能有丰厚回报。 但成年人长年累月在贫穷中，会遇到让你怀疑人生的时刻数不胜数，心气被“现实”挫伤，思维会受到很大局限，自信心也难以提升，继而更难转圜。 我自己大学毕业后8年多，从存钱这件 展开c,0.65,0.4,0.7,0.6,0.5,negative,0.85,穷一时没要紧; 怀疑人生的时刻数不胜数; 心气被‘现实’挫伤; 思维会受到很大局限; 自信心也难以提升,文本表达了对职场现实的深刻担忧，尤其是长期贫穷带来的心理压力和自我价值感的下降。虽然没有直接提到职业发展路径的迷茫或身份认同问题，但通过描述‘心气被现实挫伤’和‘自信心难以提升’，可以推断出一定程度的
179,c 爱ss的年糕彤 2022年09月21日 21:48 来自 iPhone 13 Pro 写写之前准备跳槽期间用到的一些app。 有姐妹问，索性详细写一下供参考。 我基本只用到四个：脉脉，boss，牛客，力扣，再加上各大企业招聘官网。 ✔️脉脉 脉脉我是一直有在刷的，之前都是在刷职言。 然后有跳槽打算的时候就更新了一下在线简历，并且把自己的求职偏好改成了看机会。 基本上每天都会 展开c,0.2,0.1,0.1,0.3,0.2,neutral,0.85,跳槽期间; 更新在线简历; 求职偏好改成了看机会,文本主要描述了用户在跳槽期间使用的求职工具和操作，整体语气较为中性。虽然提到‘跳槽’和‘更新简历’等行为可能暗示对当前工作的不满或寻求改变，但没有明确表达出强烈的焦虑情绪。‘求职偏好改成了看机会’表明
180,c 天才观众桃子酱 2022年07月23日 12:05 来自 微博 weibo.com #林妙妙是我互联网嘴替# #林妙妙演我上班# 林妙妙这状态简直就是演我上班啊 “我是上班，还是下地狱呀”就是说这句话感觉已经在我脑内循环了 我单方面宣布林妙妙是我互联网嘴替,0.3,0.2,0.1,0.4,0.3,negative,0.85,我是上班，还是下地狱呀; 林妙妙这状态简直就是演我上班,文本中通过‘我是上班，还是下地狱呀’表达了对工作状态的强烈不满和疲惫感，体现出职场内卷（workplace_involution）的焦虑。同时，‘林妙妙这状态简直就是演我上班’表明用户在角色认同上产生
181,c Lucy洛姿姿 2022年07月12日 14:11 刚刚更新了一篇读书笔记，是以前就读过的《高效能人士的七个习惯》。 写的时候才发现，原来有的观点已经潜入内心，形成了自己做事的逻辑。 📗《高效能人士的七个习惯》读书笔记✍️ 这本书其实已经非常有名了，而且也看过很多人的读书笔记。 很多人都是把它当成案边书、枕边书，经常一读再读，希 展开c,0.1,0.1,0.0,0.0,0.2,neutral,0.85,发现，原来有的观点已经潜入内心; 经常一读再读,文本主要描述了用户阅读《高效能人士的七个习惯》后的感悟，表达了一种对自我成长和内在逻辑形成的认同感。整体情绪较为中性，没有明显表现出对职业发展、薪酬、内卷或身份认同的焦虑。但提到‘发现观点已潜入内心’
182,c 中国青年报 2022年06月23日 22:27 来自 微博视频号 【#首批00后就业要跨越三大落差#】其实中国目前正处在极其缺人的时代，并不是没有岗位，而是有很多岗位年轻人不愿意做。”北京师范大学艺术系教授张同道多年跟拍记录00后的成长，他认为，年轻人成长环境和工作实际的落差、就业期待和工作能力之间的落差，以及在短时间想要达到某种目标却很难实现的落差 展开c 播放视频,0.6,0.7,0.5,0.4,0.6,negative,0.85,首批00后就业要跨越三大落差; 成长环境和工作实际的落差; 就业期待和工作能力之间的落差; 短时间内想要达到某种目标却很难实现的落差,文本提到00后在职业发展过程中面临三大落差，包括成长环境与工作实际、就业期待与工作能力、以及短期目标难以实现的落差。这表明对职业发展方向（career_path_confusion）存在较高焦虑，评分
183,c 社畜茶水间 2022年06月23日 16:27 来自 2号咖啡机iPhone 11 投稿： 茶茶你好，很多话想说，内心实在很焦虑，我是属于想太多的那种人，最近也在找工作，经常想东想西，给自己制造焦虑，唉！碎碎念念，希望大家能看得下去。 20年毕业的普通本科生，学的天坑工科专业机械自动化，在此奉劝各位身边有亲戚朋友有高考的女孩子万不得已千万别选天坑工科专业，除非真的 展开c,0.75,0.8,0.6,0.7,0.8,negative,0.9,内心实在很焦虑; 想东想西，给自己制造焦虑; 天坑工科专业; 奉劝各位身边有亲戚朋友有高考的女孩子万不得已千万别选天坑工科专业,文本中明确表达了强烈的焦虑情绪，尤其是对职业发展方向（如‘天坑工科专业’）和身份认同（如‘想太多’、‘碎碎念念’）的不确定。虽然没有直接提到薪酬落差或内卷，但通过‘经常想东想西’和‘工作压力大’等表述
184,c arry老师 2022年05月27日 16:21 来自 续航传奇 Redmi 8A 下午茶干货：盘点程序员面试遇到的经典问题以及互联网大厂面试流程揭㊙️#程序员# HR面试程序员的11个经典问题，最难回答，一般程序员面试分为三个阶段（企业不同略有差异）： [滑雪]初面环节 1、HR初面，一般都是HRBP，初筛合格后再进入下一个阶段； 2、技术一面：基础知识+框架基本使用；OK进入 展开c,0.2,0.1,0.1,0.3,0.2,neutral,0.85,互联网大厂面试流程揭㊙️; HR面试程序员的11个经典问题; 技术一面：基础知识+框架基本使用,文本内容主要围绕程序员面试流程和常见问题展开，属于信息分享性质，没有直接表达焦虑情绪。但提到‘互联网大厂面试流程’和‘最难回答’等表述，暗示了职场竞争压力，因此在‘职场内卷’维度上略高。其他维度如职业
185,c 评论员王攀 2022年05月20日 11:55 来自 iPhone客户端 00后为什么敢硬怼老板？ 第一，没穷过。 生活条件好，家庭条件好；物资丰富，经济发达。从小就没有缺过钱；而且这个时代，也会有很多赚钱的机会，各种副业，灵活就业等。 你说他为因为工资，受尽领导的气？肯定不会。 在他们的认知里，即便是离开单位，放弃老板，他们仍旧可以走下去。无论社会宽容 展开c,0.2,0.1,0.3,0.2,0.2,neutral,0.85,没穷过; 生活条件好; 经济发达; 没有缺过钱; 可以走下去,文本主要分析00后员工敢于挑战老板的原因，提到他们因家庭条件好、经济发达而对薪酬不敏感，且认为即使离开单位也能生存。这表明作者对薪酬落差（0.3）和职场内卷（0.2）有一定关注，但整体情绪偏向中性，未
186,c Time不在场 2022年05月05日 00:30 来自 iPhone客户端 开工前emo，我这块在冰箱冻了五天的肉终于又要拿出来放到deadline的水里火里继续烤，工作无脑但累，尤其我这种容易被pua自我贬低的人，已经提前在梦里见识领导的青面獠牙，今天更是从一场面试中惊醒，80%的梦和工作有关，入睡困难也就越发理直气壮。有的人在互联网很快乐，我感觉不快乐，我工作就只为 展开c,0.75,0.6,0.4,0.8,0.7,negative,0.9,开工前emo; 工作无脑但累; 容易被pua自我贬低; 梦里见识领导的青面獠牙; 入睡困难; 80%的梦和工作有关; 我感觉不快乐; 工作就只为,文本中表现出强烈的职场焦虑情绪。从内容来看，作者对工作压力大、竞争激烈（ workplace_involution: 0.8）有明显感受，如提到‘deadline的水里火里继续烤’和‘梦里见识领导的青
187,c 吴学兰 2022年05月04日 12:01 来自 微博视频号 给年轻人的忠告：要有职业忧患意识，学会吃着碗里的看着锅里的#五四青年节# L吴学兰的微博视频 播放视频,0.2,0.3,0.1,0.2,0.2,neutral,0.85,职业忧患意识; 吃着碗里的看着锅里的,文本内容主要传达一种对职业发展的提醒，强调‘职业忧患意识’和‘吃着碗里的看着锅里的’，暗示对未来的不确定性或潜在竞争的担忧。但整体语气较为中性，未表现出强烈的负面情绪或具体焦虑事件，因此焦虑指数较低。
188,c 靓仔菇菇 2022年05月01日 17:21 来自 Android 奶爸，想请教您内部转岗如何尽快获得认可？ 原先是互联网hrbp，因为部门动乱hrvp转去带业务团队，把我带过去了。 我转岗的初衷，一方面想要更好的待遇，另一方面也是对业务比较感兴趣。 学业务的过程真的觉得精力旺盛，但是总觉得得不到做hr时的认可感。因为我原本的职级就是储备主管，转岗也是平移 展开c 这条微博已被删除或者您无权限...,0.65,0.7,0.4,0.5,0.8,negative,0.85,得不到做hr时的认可感; 对业务比较感兴趣; 转岗的初衷，一方面想要更好的待遇; 精力旺盛，但是总觉得得不到做hr时的认可感,文本中表现出明显的身份认同焦虑（0.8），因为用户提到在转岗后感觉不再被认可，失去了原有的角色价值。发展路径迷茫（0.7）体现在他对职业方向和晋升通道的不确定。薪酬落差（0.4）虽然有提及想获得更好待
189,c sheng活改变了你我我 2022年04月25日 17:30 来自 Redmi K30 全速热爱 易经，风水书就是迷信？读完这几本书就不会这样说了 17:25 哈喽~值友们好~我是文章小白~小巴💗 在互联网高速发展中的今天，越多越多的人不会再看纸质的书籍。越来越多的人用手机，平板，电子书阅读器来看电子书。纸质书籍几乎一年也看不了几本或者几乎没有看过，不知道纸质书籍以后不知道会不会淘汰 展开c,0.2,0.1,0.1,0.2,0.3,neutral,0.75,纸质书籍几乎一年也看不了几本或者几乎没有看过; 不知道纸质书籍以后不知道会不会淘汰,文本内容主要围绕对传统纸质书籍未来命运的思考，未直接提及职业发展、薪酬待遇、职场竞争或身份认同等具体职场焦虑主题。因此，四个维度的焦虑指数均较低。然而，“不知道纸质书籍以后不知道会不会淘汰”表现出对未
190,c 杨雪呀 2022年04月08日 18:59 来自 iPhone客户端 裁员潮之下，还要进入互联网大厂吗？ 年轻人的职场发展路径如何规划？ 本互联网行业老阿姨来告诉你！ #春日vlog# L杨雪呀的微博视频 播放视频,0.4,0.6,0.3,0.5,0.4,neutral,0.85,裁员潮之下; 还要进入互联网大厂吗？; 年轻人的职场发展路径如何规划？,文本中提到‘裁员潮’和‘年轻人的职场发展路径如何规划？’，显示出对职业发展方向的不确定性（发展路径迷茫），评分0.6。虽然没有直接提到薪酬问题，但‘互联网大厂’可能暗示对薪资水平的关注，因此评分0.3
191,c 爱ss的年糕彤 2022年03月17日 22:43 来自 iPhone 13 Pro 深夜来唠嗑下，随便说说最近现状。 三月开始工作又进入了一个忙碌期，很大的一个原因，是我正在适应工作职责的转变。前段时间，慢慢被移交参与一些大的系统，所做的工作也比之前更有挑战性。 这和之前的工作模式其实还是有点差别，毕业后的这一年多的时间，基本都是在被分配然后执行，按我老大的话说 展开c,0.4,0.5,0.2,0.6,0.3,negative,0.85,进入了一个忙碌期; 适应工作职责的转变; 更有挑战性; 和之前的工作模式其实还是有点差别; 被分配然后执行,文本中提到‘进入了一个忙碌期’和‘适应工作职责的转变’，表明对职业发展路径存在一定的不确定性，因此在‘发展路径迷茫’维度评分较高。虽然没有直接提到薪酬问题，但‘更有挑战性’和‘工作压力大’暗示了可能存
192,c 人力资源研究 2022年01月21日 16:50 来自 微博 weibo.com 今天有女生人来应聘秘书，经理看她没有相关的工作经验，经理问她：一头牛有4个胃，那么100头牛多少个胃？求职者回答400被淘汰。 公司目前业务比较繁忙，老板的工作一下子接受不来，所以经理为了分担老板的压力，在上周，经理在办公室跟老板协商。 老板看经理这么懂事，一下子就听了经理的命令，就叫 展开c,0.2,0.1,0.1,0.3,0.2,neutral,0.75,经理看她没有相关的工作经验; 公司目前业务比较繁忙; 老板的工作一下子接受不来; 经理为了分担老板的压力,文本描述了一个招聘场景和公司内部的管理情况，整体情绪较为中性。从内容来看，存在一定的职场压力（如‘公司业务繁忙’、‘老板工作接受不来’），暗示了工作压力较大，可能引发职场内卷焦虑（评分0.3）。但文本
193,c 楼市搜索 2021年12月03日 07:19 来自 iPhone 13 一位员工哀叹道：29岁因担心35岁职业被动而选择上岸，现在回到老家市直机关成功上岸，从年薪70w+降到20w，一切并没有想象中美好，有利有弊，归根结底仅是一个选择： 1、房价没一线城市高，买房压力不大，但带来的弊端是医疗教育资源不足； 2、工作节奏没一线城市快，下班不再是半夜拖着疲惫的身体回到 展开c,0.65,0.7,0.8,0.6,0.6,negative,0.85,因担心35岁职业被动而选择上岸; 年薪70w+降到20w; 一切并没有想象中美好; 工作节奏没一线城市快; 下班不再是半夜拖着疲惫的身体,文本表达了对职业发展路径的不确定性（如‘因担心35岁职业被动而选择上岸’），薪酬落差明显（从70w+降至20w），表现出较强的薪酬焦虑。虽然工作节奏较慢，但仍有对职场竞争和压力的隐含担忧。身份认同方面
194,c 安晓辉生涯 2021年11月05日 23:27 来自 微博网页版 #生涯自助工具箱# -70 #微博新知博主# 【如何选offer】-职业发展阶段对offer选择的影响 前面我们介绍了互联网从业者的职业发展第二个阶段，也就是快速成长阶段，在择业时应该注重哪些因素。今天来介绍第三个阶段。 第三个阶段，你的人生阅历、职场经验、所属领域的知识储备都有了一定的积累，属于 展开c,0.2,0.3,0.1,0.2,0.2,neutral,0.75,职业发展阶段; 快速成长阶段; 择业时应该注重哪些因素; 第三个阶段,文本内容主要围绕职业发展阶段对择业的影响进行讨论，属于一种信息性、指导性的内容，没有直接表达焦虑情绪。但提到‘职业发展阶段’和‘择业时应该注重哪些因素’，暗示了在职业发展过程中可能存在的迷茫感，因此在
195,c 河林说运营 2021年09月09日 22:56 来自 微博网页版 #你为什么放弃了考研# 说到为什么放弃了考研，就是因为在我考研备战到末期的时候，我已经清楚地知道，以我所报考的专业的竞争程度和我自己的备考水平，我是绝对考不上研究生的。 所以那时间也就也开始为找工作做准备了。 我当时的想法就是，一定要进入互联网行业，因为只有进入快速成长的互联网行业 展开c,0.4,0.6,0.2,0.3,0.3,negative,0.85,考不上研究生; 开始为找工作做准备; 一定要进入互联网行业,文本中提到因考研失败而转向求职，表现出对职业发展方向的迷茫（如‘考不上研究生’），但未明确提及薪酬落差或职场内卷的具体内容。虽然表达了对进入互联网行业的强烈愿望，但并未体现身份认同的强烈焦虑。整体情绪
196,c 社畜茶水间 2021年08月31日 19:11 来自 2号咖啡机iPhone 11 投稿： 茶茶，你好，偶然关注到你的微博，我想来分享一下我的经历吧。 我是16年毕业，酒店管理，之前在酒店做了2年多，那段时间工资虽然只有3000多，包吃住，但是很开心，不过后面由于夜班和领导一直画饼不兑现等原因就离职了。 第二份工作就是就去传统地产行业做销售，虽然单休，但是加班很少，工资 展开c,0.65,0.7,0.6,0.5,0.6,negative,0.85,夜班和领导一直画饼不兑现; 工资只有3000多; 单休; 加班很少,文本中提到在酒店工作时虽然收入低但开心，但因夜班和领导画饼未兑现而离职，显示出对职业发展路径的迷茫（career_path_confusion）。薪资待遇较低且与期望有差距（salary_gap），同
